,Weight,Category,Screen_size,Screen_type,Screen_resolution,CPU_Brand,CPU_series,CPU_model,RAM,Storage_amount,Storage_type,Storage_info,GPU_Brand,GPU_Model,OS,original_price,after_discount,persian_info,full_info,discount_percent,predicted_price
0,1.24,مک‌بوک,13.6,fhd,1600 * 2560,Apple,M2,8core CPU with 4 performance cores and 4 efficiency cores/10core GPU,8.0,528.0,SSD,SSD NVMe,Apple,10core,,74000000.0,73000000.0,لپ تاپ اپل 13.6 اینچی مدل Apple MacBook Air 2022 Midnight MLY43  پردازنده M2 رم 8GB حافظه 512GB SSD گرافیک 10Core GPU,Apple MacBook Air 2022 Midnight MLY43 M2 8GB 512GB SSD 10-Core GPU 13.6 inch Laptop,1.35,76131660.0
1,1.24,مک‌بوک,13.6,fhd,1600 * 2560,Apple,M2,8core CPU with 4 performance cores and 4 efficiency cores/10core GPU,8.0,528.0,SSD,SSD NVMe,Apple,10core,,74300000.0,73300000.0,لپ تاپ اپل 13.6 اینچی مدل Apple MacBook Air 2022 Starlight MLY23 پردازنده M2 رم 8GB حافظه 512GB SSD گرافیک 10Core GPU,Apple MacBook Air 2022 Starlight MLY23 M2 8GB 512GB SSD 10-Core GPU 13.6 inch Laptop,1.35,76131660.0
2,1.24,مک‌بوک,13.6,fhd,1600 * 2560,Apple,M2,8core CPU with 4 performance cores and 4 efficiency cores/8core GPU,8.0,256.0,SSD,SSD NVMe,Apple,geforcemx330,,62300000.0,61300000.0,لپ تاپ اپل 13.6 اینچی مدل Apple MacBook Air 2022 Silver MLXY3 پردازنده M2 رم 8GB حافظه 256GB SSD,Apple MacBook Air 2022 Silver MLXY3 M2 8GB 256GB SSD 13.6 inch Laptop,1.61,71643020.0
3,1.24,مک‌بوک,13.6,fhd,1600 * 2560,Apple,M2,8core CPU with 4 performance cores and 4 efficiency cores/10core GPU,8.0,528.0,SSD,SSD NVMe,Apple,10core,,75300000.0,74300000.0,لپ تاپ اپل 13.6 اینچی مدل Apple MacBook Air 2022 Space Gray MLXX3 پردازنده M2 رم 8GB حافظه 512GB SSD گرافیک 10Core GPU,Apple MacBook Air 2022 Space Gray MLXX3 M2 8GB 512GB SSD 10-Core GPU 13.6 inch Laptop,1.33,76131660.0
4,1.75,نوت بوک (لپ تاپ),15.6,fhd tn,1080 * 1920,INTEL,Core i3,I3-1115G4,20.0,528.0,SSD,SSD NVMe,Intel,uhd,Dos,,17270000.0,لپ تاپ لنوو 15.6 اینچی مدل Ideapad 3 پردازنده Core i3 1115G4 رم 20GB حافظه 512GB SSD گرافیک Intel,Ideapad 3 Core i3 1115G4 20GB 512GB SSD Intel FHD Laptop,0.0,17252780.0
5,1.6,مک‌بوک,14.2,liquid retina xdr display,3024*1964,Apple,M1 Pro,M1 Pro with 8-core CPU,16.0,528.0,SSD,,Apple,M16,Apple Mac OS,106000000.0,105000000.0,لپ تاپ اپل 14 اینچ مدل Mac Book Pro 14inch MKGR3 پردازنده M1 Pro رم 16GB حافظه 512GB SSD,Apple MacBook Pro 14‑inch MKGR3 M1 Pro 16GB 512GB SSD Laptop,0.94,71520930.0
6,1.6,مک‌بوک,14.2,liquid retina xdr display,3024*1964,Apple,M1 Pro,M1 Pro with 8-core CPU,16.0,528.0,SSD,,Apple,M16,Apple Mac OS,93100000.0,92100000.0,لپ تاپ اپل 14 اینچ مدل Mac Book Pro 14inch MKGP3 پردازنده M1 Pro رم 16GB حافظه 512GB SSD,Apple MacBook Pro 14‑inch MKGP3 M1 Pro 16GB 512GB SSD Laptop,1.07,71520930.0
7,1.6,مک‌بوک,14.2,liquid retina xdr display,3024*1964,Apple,M1 Pro,M1 Pro with 10-core CPU,16.0,1024.0,SSD,,Apple,M16,Apple Mac OS,108888000.0,107888000.0,لپ تاپ اپل 14 اینچ مدل Mac Book Pro 14inch MKGQ3 پردازنده M1 Pro رم 16GB حافظه 1TB SSD,Apple MacBook Pro 14‑inch MKGQ3 M1 Pro 16GB 1TB SSD Laptop,0.92,71929630.0
8,1.24,مک‌بوک,13.6,fhd,1600 * 2560,Apple,M2,8core CPU with 4 performance cores and 4 efficiency cores/8core GPU,8.0,256.0,SSD,SSD NVMe,Apple,geforcemx330,,60500000.0,59500000.0,لپ تاپ اپل 13.6 اینچی مدل Apple MacBook Air 2022 Space Gray MLXW3  پردازنده M2 رم 8GB حافظه 256GB SSD,Apple MacBook Air 2022 Space Gray MLXW3 M2 8GB 256GB SSD 13.6 inch Laptop,1.65,71643020.0
9,2.2,مک‌بوک,16.2,liquid retina xdr display,3456*2234,Apple,M1 Pro,M1 Pro with 10-core CPU,16.0,528.0,SSD,,Apple,M16,Apple Mac OS,99500000.0,98500000.0,لپ تاپ اپل 16 اینچ مدل Mac Book Pro 16inch MK1E3 پردازنده M1 Pro رم 16GB حافظه 512GB SSD,Apple MacBook Pro 16‑inch MK1E3 M1 Pro 16GB 512GB SSD Laptop,1.01,72060400.0
10,1.24,مک‌بوک,13.6,fhd,1600 * 2560,Apple,M2,8core CPU with 4 performance cores and 4 efficiency cores/10core GPU,8.0,528.0,SSD,SSD NVMe,Apple,10core,,74388000.0,73388000.0,لپ تاپ اپل 13.6 اینچی مدل Apple MacBook Air 2022 Silver MLY03 پردازنده M2 رم 8GB حافظه 512GB SSD گرافیک 10Core GPU,Apple MacBook Air 2022 Silver MLY03 M2 8GB 512GB SSD 10-Core GPU 13.6 inch Laptop,1.34,76131660.0
11,1.6,مک‌بوک,14.2,liquid retina xdr display,3024*1964,Apple,M1 Pro,M1 Pro with 10-core CPU,16.0,1024.0,SSD,,Apple,M16,Apple Mac OS,102888000.0,101888000.0,لپ تاپ اپل 14 اینچ مدل Mac Book Pro 14inch MKGT3 پردازنده M1 Pro رم 16GB حافظه 1TB SSD,Apple MacBook Pro 14‑inch MKGT3 M1 Pro 16GB 1TB SSD Laptop,0.97,71929630.0
12,2.2,مک‌بوک,16.2,liquid retina xdr display,3456*2234,Apple,M1 Pro,M1 Pro with 10-core CPU,16.0,1024.0,SSD,,Apple,M16,Apple Mac OS,105880000.0,104880000.0,لپ تاپ اپل 16 اینچ مدل Mac Book Pro 16inch MK193 پردازنده M1 Pro رم 16GB حافظه 1TB SSD,Apple MacBook Pro 16‑inch MK193 M1 Pro 16GB 1TB SSD Laptop,0.94,72169730.0
13,1.4,مک‌بوک,13.3,liquid retina xdr display,1600 * 2560,Apple,M2,"M2 chip with 8‑core CPU, 10‑core GPU, 16‑core Neural Engine",8.0,256.0,SSD,SSD NVMe,Apple,M210,,70000000.0,69000000.0,لپ تاپ اپل 13.3 اینچی مدل Apple MacBook Pro 2022 MNEH3 پردازنده M2 رم 8GB حافظه 256GB SSD,"Apple MacBook Pro 2022 13.3"" MNEH3 M2 8GB 256GB SSD Laptop",1.43,70661320.0
14,1.4,مک‌بوک,13.3,liquid retina xdr display,1600 * 2560,Apple,M2,"M2 chip with 8‑core CPU, 10‑core GPU, 16‑core Neural Engine",8.0,528.0,SSD,SSD NVMe,Apple,M210,,76000000.0,75000000.0,لپ تاپ اپل 13.3 اینچی مدل Apple MacBook Pro 2022 MNEJ3 پردازنده M2 رم 8GB حافظه 512GB SSD,"Apple MacBook Pro 2022 13.3"" MNEJ3 M2 8GB 512GB SSD Laptop",1.32,74622380.0
15,1.4,مک‌بوک,13.3,liquid retina xdr display,1600 * 2560,Apple,M2,"M2 chip with 8‑core CPU, 10‑core GPU, 16‑core Neural Engine",8.0,528.0,SSD,SSD NVMe,Apple,M210,,76000000.0,75000000.0,لپ تاپ اپل 13.3 اینچی مدل Apple MacBook Pro 2022 MNEQ3 پردازنده M2 رم 8GB حافظه 512GB SSD,"Apple MacBook Pro 2022 13.3"" MNEQ3 M2 8GB 512GB SSD Laptop",1.32,74622380.0
16,2.2,مک‌بوک,16.2,liquid retina xdr display,3456*2234,Apple,M1 Pro,M1 Pro with 10-core CPU,16.0,528.0,SSD,,Apple,M16,Apple Mac OS,,97880000.0,لپ تاپ اپل 16 اینچ مدل Mac Book Pro 16inch MK183 پردازنده M1 Pro رم 16GB حافظه 512GB SSD,Apple MacBook Pro 16‑inch MK183 M1 Pro 16GB 512GB SSD Laptop,0.0,72060400.0
18,1.4,مک‌بوک,13.3,liquid retina xdr display,1600 * 2560,Apple,M2,"M2 chip with 8‑core CPU, 10‑core GPU, 16‑core Neural Engine",8.0,256.0,SSD,SSD NVMe,Apple,M210,,70000000.0,69000000.0,لپ تاپ اپل 13.3 اینچی مدل Apple MacBook Pro 2022 MNEP3 پردازنده M2 رم 8GB حافظه 256GB SSD,"Apple MacBook Pro 2022 13.3"" MNEP3 M2 8GB 256GB SSD Laptop",1.43,70661320.0
20,1.53,نوت بوک (لپ تاپ),13.5,pixelsense™ display,2000 * 3000,INTEL,Core i7,i7-8650U,16.0,528.0,SSD,,Nvidia,geforce®gtx1050gddr5,Microsoft Windows 10,56200000.0,55812000.0,لپ تاپ مایکروسافت 13 اینچ مدل Surface Book 2 پردازنده Core i7 رم 16GB هارد 512GB با صفحه نمایش لمسی,Surface Book 2 Core i7 16GB 512GB 2GB 13inch Touch,0.69,72617020.0
21,1.66,نوت بوک (لپ تاپ),15.6,fhd,1080 * 1920,INTEL,Core i7,i7-1255U,16.0,528.0,SSD,SSD NVMe,Nvidia,mx550gddr6,,39900000.0,39600000.0,لپ تاپ دل 15.6 اینچی مدل Vostro 3520-C پردازنده Core i7 1255U رم 16GB حافظه 512GB SSD گرافیک 2GB,Vostro 3520-C Core i7 1255U 16GB 512GB SSD 2GB MX550 FHD Laptop,0.75,35708025.0
23,1.534,نوت بوک (لپ تاپ),13.5,pixelsense™ display,2000 * 3000,INTEL,Core i7,i7 1065 G7,32.0,1024.0,SSD,,Nvidia,geforcertx3060,Microsoft Windows 10,88180000.0,87180000.0,لپ تاپ مایکروسافت 13 اینچ مدل Surface Book 3 پردازنده Core i7 رم 32GB هارد 1TB SSD گرافیک 4GB با صفحه نمایش لمسی,Surface Book 3 Core i7 32GB 1TB SSD 4GB 13.5 inch Touch,1.13,81646092.5
24,1.66,نوت بوک (لپ تاپ),15.6,fhd,1080 * 1920,INTEL,Core i7,i7-1255U,8.0,528.0,SSD,SSD NVMe,Nvidia,mx550gddr6,,38900000.0,38600000.0,لپ تاپ دل 15.6 اینچی مدل Vostro 3520-D پردازنده Core i7 1255U رم 8GB حافظه 512GB SSD گرافیک 2GB,Vostro 3520-D Core i7 1255U 8GB 512GB SSD 2GB MX550 FHD Laptop,0.77,35489240.0
25,1.534,نوت بوک (لپ تاپ),13.5,pixelsense™ display,2000 * 3000,INTEL,Core i7,i7 1065 G7,16.0,256.0,SSD,,Nvidia,geforcertx3060,Microsoft Windows 10,61500000.0,60500000.0,لپ تاپ مایکروسافت 13 اینچ مدل Surface Book 3 پردازنده Core i7 رم 16GB هارد 256GB SSD گرافیک 4GB با صفحه نمایش لمسی,Surface Book 3 Core i7 16GB 256GB SSD 4GB 13.5 inch Touch,1.63,69997870.0
26,1.2,نوت بوک (لپ تاپ),13.5,pixelsense™ display,2256 * 1504,INTEL,Core i5,i5-1035G7,8.0,128.0,SSD,,Intel,irisplus,Microsoft Windows 10,37288000.0,36288000.0,لپ تاپ 13 اینچی مایکروسافت مدل Surface Laptop 3 - A,Surface Laptop 3 - A Core i5 8GB 128GB SSD Intel Touch Laptop,2.68,56821530.0
29,1.2,نوت بوک (لپ تاپ),13.5,pixelsense™ display,2256 * 1504,INTEL,Core i5,i5-1035G7,8.0,256.0,SSD,,Intel,irisplus,Microsoft Windows 10,41000000.0,40000000.0,لپ تاپ 13 اینچی مایکروسافت مدل Surface Laptop 3 - B,Surface Laptop 3 - B Core i5 8GB 256GB SSD Intel Touch Laptop,2.44,56821530.0
34,1.66,نوت بوک (لپ تاپ),15.6,fhd,1080 * 1920,INTEL,Core i7,i7-1255U,16.0,1024.0,SSD,SSD NVMe,Nvidia,mx550gddr6,,,41833000.0,لپ تاپ دل 15.6 اینچی مدل Vostro 3520-A پردازنده Core i7 1255U رم 16GB حافظه 1TB SSD گرافیک 2GB,Vostro 3520-A Core i7 1255U 16GB 1TB SSD 2GB MX550 FHD Laptop,0.0,35926055.0
36,1.74,نوت بوک (لپ تاپ),14.4,pixelsense™ display,1600 * 2560,INTEL,Core i5,i5-11300H,16.0,528.0,SSD,,Intel,irisplus,Microsoft Windows 11,71230000.0,70230000.0,لپ تاپ 14.4 اینچی مایکروسافت مدل Surface Laptop Studio پردازنده Core i5-11300H رم 16GB حافظه 512GB SSD گرافیک Intel,Surface Laptop Studio 14.4inch Core i5-11300H 16GB 512GB SSD Intel Touch Laptop,1.4,54309110.0
40,1.2,نوت بوک (لپ تاپ),13.5,pixelsense™ display,2256 * 1504,INTEL,Core i7,i7 1065 G7,16.0,528.0,SSD,,Intel,irisplus,Microsoft Windows 10,,57350000.0,لپ تاپ 13 اینچی مایکروسافت مدل Surface Laptop 3,Surface Laptop 3 Core i7 16GB 512GB SSD Intel Touch Laptop,0.0,70452430.0
41,1.534,نوت بوک (لپ تاپ),13.5,pixelsense™ display,2000 * 3000,INTEL,Core i5,i5-1035G7,8.0,256.0,SSD,,Intel,irisplus,Microsoft Windows 10,46000000.0,45000000.0,لپ تاپ مایکروسافت 13 اینچ مدل Surface Book 3 پردازنده Core i5 رم 8GB هارد 256GB با صفحه نمایش لمسی,Surface Book 3 Core i5 8GB 256GB SSD Intel 13.5 inch Touch,2.17,58356400.0
44,1.2,نوت بوک (لپ تاپ),15.0,pixelsense™ display,2256 * 1504,INTEL,Core i7,i7 1065 G7,16.0,256.0,SSD,,Intel,irisplus,Microsoft Windows 10,51300000.0,50300000.0,لپ تاپ 15 اینچی مایکروسافت مدل Surface Laptop 3 Core i7 16GB 256GB SSD Intel,Surface Laptop 3 Core i7 16GB 256GB SSD Intel Touch 15 Inch Laptop,1.95,58812647.5
45,1.2,نوت بوک (لپ تاپ),13.5,pixelsense™ display,2256 * 1504,INTEL,Core i5,i5-1035G7,16.0,256.0,SSD,,Intel,irisplus,Microsoft Windows 10,,47380000.0,لپ تاپ مایکروسافت لپ تاپ 13 اینچی مایکروسافت مدل Surface Laptop 3 با پردازنده i5 و حافظه 256 گیگابایت,Surface Laptop 3 Core i5 16GB 256GB SSD Intel Touch Laptop,0.0,57365530.0
46,1.8,نوت بوک (لپ تاپ),15.6,fhd,1080 * 1920,INTEL,Core i7,i7 1165G7,12.0,1024.0,SSD,SSD NVMe,Nvidia,geforcemx330,,32199000.0,32074000.0,لپ تاپ ایسوس 15.6 اینچی مدل X515EP پردازنده Core i7 1165G7 رم 12GB حافظه 1TB SSD گرافیک 2GB,X515EP Core i7 1165G7 12GB 1TB SSD 2GB MX330 FHD Laptop,0.39,32970874.64285714
47,1.8,نوت بوک (لپ تاپ),15.6,fhd,1080 * 1920,INTEL,Core i3,I3-1115G4,8.0,528.0,SSD,SSD NVMe,Intel,uhd,,17399000.0,17289000.0,لپ تاپ ایسوس 15.6 اینچی مدل X1500EA پردازنده Core i3 1115G4 رم 8GB حافظه 512GB SSD گرافیک Intel فول اچ دی,X1500EA Core i3 1115G4 8GB 512GB SSD Intel Full HD Laptop,0.63,17294920.0
48,2.1,نوت بوک (لپ تاپ),15.6,fhd,1080 * 1920,INTEL,Core i3,I3-1115G4,16.0,1024.0,SSD,SSD NVMe,Intel,uhd,Dos,,17900000.0,لپ تاپ 15.6 اینچی ایسر مدل Aspire A315 پردازنده Core i3-1115G4 رم 16GB حافظه 1TB SSD گرافیک Intel,Aspire A315 Core i3-1115G4 16GB 1TB SSD Intel Full HD Laptop,0.0,18532930.0
49,1.8,نوت بوک (لپ تاپ),15.6,fhd,1080 * 1920,INTEL,Core i3,I3-1115G4,4.0,256.0,SSD,SSD NVMe,Intel,uhd,,16199000.0,16074000.0,لپ تاپ ایسوس 15.6 اینچی مدل X1500EA پردازنده Core i3 1115G4 رم 4GB حافظه 256GB SSD گرافیک Intel فول اچ دی,X1500EA Core i3 1115G4 4GB 256GB SSD Intel Full HD Laptop,0.77,15120780.0
50,1.8,نوت بوک (لپ تاپ),14.4,pixelsense™ display,1600 * 2560,INTEL,Core i7,i7-11370H,16.0,528.0,SSD,,Nvidia,rtx3050,Microsoft Windows 11,94383000.0,93383000.0,لپ تاپ 14.4 اینچی مایکروسافت مدل Surface Laptop Studio پردازنده Core i7-11370H رم 16GB حافظه 512GB SSD گرافیک 4GB RTX3050Ti,Surface Laptop Studio 14.4inch Core i7-11370H 16GB 512GB SSD 4GB RTX 3050Ti Touch Laptop,1.06,65114050.0
51,1.8,نوت بوک (لپ تاپ),14.4,pixelsense™ display,1600 * 2560,INTEL,Core i7,i7-11370H,32.0,2048.0,SSD,,Nvidia,rtx3050,Microsoft Windows 11,140000000.0,139000000.0,لپ تاپ 14.4 اینچی مایکروسافت مدل Surface Laptop Studio پردازنده Core i7-11370H رم 32GB حافظه 2TB SSD گرافیک 4GB A2000,Surface Laptop Studio 14.4inch Core i7-11370H 32GB 2TB SSD 4GB RTX A2000 Touch Laptop,0.71,72012080.0
52,2.15,نوت بوک (لپ تاپ),15.6,ips,1080 * 1920,INTEL,Core i5,i5-1240P,16.0,1024.0,SSD,SSD NVMe,Nvidia,rtx3050,Dos,38700000.0,38500000.0,لپ تاپ ایسر 15.6 اینچی مدل Aspire 7 A715-51G پردازنده Core i5 1240P رم 16GB حافظه 1TB SSD گرافیک 3050 4GB,Aspire 7 A715-51G Core i5 1240P 16GB 1TB SSD 4GB 3050 Full HD Laptop,0.52,40303560.0
53,2.15,نوت بوک (لپ تاپ),15.6,ips,1080 * 1920,INTEL,Core i5,i5-1240P,16.0,528.0,SSD,SSD NVMe,Nvidia,rtx3050,Dos,37190000.0,36990000.0,لپ تاپ ایسر 15.6 اینچی مدل Aspire 7 A715-51G پردازنده Core i5 1240P رم 16GB حافظه 512GB SSD گرافیک 3050 4GB,Aspire 7 A715-51G Core i5 1240P 16GB 512GB SSD 4GB 3050 Full HD Laptop,0.54,40466920.0
54,2.5,نوت بوک (لپ تاپ),15.6,ips,1080 * 1920,INTEL,Core i7,i7-12700H,16.0,528.0,SSD,SSD NVMe,Nvidia,rtx3050,Dos,46300000.0,46075000.0,لپ تاپ 15.6 اینچی ایسر مدل Nitro 5 AN515-58-754D Core i7 16GB 512GB SSD 4GB RTX3050,Nitro 5 AN515-58-754D Core i7 12700H 16GB 512GB SSD 4GB 3050 Full HD Laptop,0.49,66251650.0
55,2.5,نوت بوک (لپ تاپ),15.6,ips,1080 * 1920,INTEL,Core i7,i7-12700H,32.0,1024.0,SSD,SSD NVMe,Nvidia,rtx3050,Dos,49500000.0,49300000.0,لپ تاپ 15.6 اینچی ایسر مدل Nitro 5 AN515-58-754D Core i7 32GB 1TB SSD 4GB RTX3050,Nitro 5 AN515-58-754D Core i7 12700H 32GB 1TB SSD 4GB 3050 Full HD Laptop,0.4,73362390.0
56,2.15,نوت بوک (لپ تاپ),15.6,ips,1080 * 1920,INTEL,Core i5,i5-1240P,8.0,528.0,SSD,SSD NVMe,Nvidia,rtx3050,Dos,36100000.0,35900000.0,لپ تاپ ایسر 15.6 اینچی مدل Aspire 7 A715-51G پردازنده Core i5 1240P رم 8GB حافظه 512GB SSD گرافیک 3050 4GB,Aspire 7 A715-51G Core i5 1240P 8GB 512GB SSD 4GB 3050 Full HD Laptop,0.55,40408725.0
57,2.5,نوت بوک (لپ تاپ),15.6,ips,1080 * 1920,INTEL,Core i7,i7-12700H,16.0,1024.0,SSD,SSD NVMe,Nvidia,rtx3050,Dos,48300000.0,48100000.0,لپ تاپ 15.6 اینچی ایسر مدل Nitro 5 AN515-58-754D Core i7 16GB 1TB SSD 4GB RTX3050,Nitro 5 AN515-58-754D Core i7 12700H 16GB 1TB SSD 4GB 3050 Full HD Laptop,0.41,66001380.0
58,2.15,نوت بوک (لپ تاپ),15.6,ips,1080 * 1920,INTEL,Core i7,i7-1260P,16.0,1024.0,SSD,SSD NVMe,Nvidia,rtx3050,Dos,43100000.0,42900000.0,لپ تاپ ایسر 15.6 اینچی مدل Aspire 7 A715-51G-754E پردازنده Core i7 1260P رم 16GB حافظه 1TB SSD گرافیک 3050 4GB,Aspire 7 A715-51G-754E Core i7 1260P 16GB 1TB SSD 4GB 3050 Full HD Laptop,0.46,41451985.0
59,2.15,نوت بوک (لپ تاپ),15.6,ips,1080 * 1920,INTEL,Core i7,i7-1260P,16.0,528.0,SSD,SSD NVMe,Nvidia,rtx3050,Dos,41000000.0,40800000.0,لپ تاپ ایسر 15.6 اینچی مدل Aspire 7 A715-51G-754E پردازنده Core i7 1260P رم 16GB حافظه 512GB SSD گرافیک 3050 4GB,Aspire 7 A715-51G-754E Core i7 1260P 16GB 512GB SSD 4GB 3050 Full HD Laptop,0.49,41640345.0
60,2.1,نوت بوک (لپ تاپ),15.6,fhd,1080 * 1920,INTEL,Core i3,I3-1115G4,12.0,528.0,Hybrid,,Nvidia,geforcemx350,Dos,20800000.0,20700000.0,لپ تاپ 15.6 اینچی ایسر مدل Aspire A315 پردازنده Core i3-1115G4 رم 12GB حافظه 1TB 512GB SSD گرافیک 2GB,Aspire A315 Core i3 1115G4 12GB 1TB 512GB SSD 2GB Full HD Laptop,0.48,21170255.0
61,2.1,نوت بوک (لپ تاپ),15.6,fhd,1080 * 1920,INTEL,Core i3,I3-1115G4,8.0,128.0,Hybrid,SSD NVMe,Nvidia,geforcemx350,Dos,19300000.0,19100000.0,لپ تاپ 15.6 اینچی ایسر مدل Aspire A315 پردازنده Core i3-1115G4 رم 8GB حافظه 1TB 128GB SSD گرافیک 2GB,Aspire A315 Core i3 1115G4 8GB 1TB 128GB SSD 2GB Full HD Laptop,1.04,20151815.0
63,2.1,نوت بوک (لپ تاپ),15.6,fhd,1080 * 1920,INTEL,Core i3,I3-1115G4,12.0,256.0,Hybrid,,Nvidia,geforcemx350,Dos,20300000.0,20100000.0,لپ تاپ 15.6 اینچی ایسر مدل Aspire A315 پردازنده Core i3-1115G4 رم 12GB حافظه 1TB 256GB SSD گرافیک 2GB,Aspire A315 Core i3 1115G4 12GB 1TB 256GB SSD 2GB Full HD Laptop,0.99,20825235.0
65,2.1,نوت بوک (لپ تاپ),15.6,fhd,1080 * 1920,INTEL,Core i3,I3-1115G4,4.0,1024.0,HDD,,Intel,uhd,Dos,14800000.0,14700000.0,لپ تاپ 15.6 اینچی ایسر مدل Aspire A315 پردازنده Core i3-1115G4 رم 4GB حافظه 1TB گرافیک Intel,Aspire A315 Core i3-1115G4 4GB 1TB Intel Full HD Laptop,0.68,16504950.0
66,2.1,نوت بوک (لپ تاپ),15.6,fhd,1080 * 1920,INTEL,Core i3,I3-1115G4,12.0,1024.0,HDD,,Intel,uhd,Dos,15900000.0,15800000.0,لپ تاپ 15.6 اینچی ایسر مدل Aspire A315 پردازنده Core i3-1115G4 رم 12GB حافظه 1TB گرافیک Intel,Aspire A315 Core i3-1115G4 12GB 1TB Intel Full HD Laptop,0.63,18365290.0
67,2.1,نوت بوک (لپ تاپ),15.6,fhd,1080 * 1920,INTEL,Core i3,I3-1115G4,8.0,256.0,Hybrid,SSD NVMe,Nvidia,geforcemx350,Dos,19800000.0,19700000.0,لپ تاپ 15.6 اینچی ایسر مدل Aspire A315 پردازنده Core i3-1115G4 رم 8GB حافظه 1TB 256GB SSD گرافیک 2GB,Aspire A315 Core i3 1115G4 8GB 1TB 256GB SSD 2GB Full HD Laptop,0.51,20151815.0
68,2.1,نوت بوک (لپ تاپ),15.6,fhd,1080 * 1920,INTEL,Core i3,I3-1115G4,8.0,1024.0,HDD,,Intel,uhd,Dos,,15300000.0,لپ تاپ 15.6 اینچی ایسر مدل Aspire A315 پردازنده Core i3-1115G4 رم 8GB حافظه 1TB گرافیک Intel,Aspire A315 Core i3-1115G4 8GB 1TB Intel Full HD Laptop,0.0,17842320.0
77,1.75,نوت بوک (لپ تاپ),15.6,fhd,1080 * 1920,INTEL,Celeron,Celeron-N4020,4.0,256.0,SSD,SSD NVMe,Intel,geforcemx330,,11500000.0,11450000.0,لپ تاپ لنوو 15.6 اینچی Full HD مدل Ideapad 3 پردازنده N4020 رم 4GB حافظه 256GB SSD گرافیک Intel,Ideapad 3 N4020 4GB 256GB SSD Intel 15.6 Inch Full HD Laptop,0.43,13526570.0
79,1.7,نوت بوک (لپ تاپ),15.6,tn full hd,1080 * 1920,INTEL,Core i5,i5-1135G7,8.0,256.0,SSD,SSD NVMe,Nvidia,geforcemx450,Dos,,27100000.0,لپ تاپ لنوو 15.6 اینچی مدل ThinkBook 15 پردازنده Core i5 1135G7 رم 8GB حافظه 256GB SSD گرافیک 2GB,ThinkBook 15 Core i5 1135G7 8GB 256GB SSD 2GB MX450 Full HD Laptop,0.0,31582045.0
80,1.85,نوت بوک (لپ تاپ),15.6,tn,768 * 1366,INTEL,Celeron,Celeron-N4020,4.0,256.0,SSD,SSD NVMe,Intel,uhd,Dos,11000000.0,10900000.0,لپ تاپ لنوو 15.6 اینچی مدل V15 پردازنده N4020 رم 4GB حافظه 256GB SSD گرافیک Intel,V15 N4020 4GB 256GB SSD Intel HD Laptop,0.91,31606230.0
81,1.7,نوت بوک (لپ تاپ),15.6,fhd,1080 * 1920,INTEL,Core i7,i7 1165G7,8.0,528.0,SSD,SSD NVMe,Nvidia,geforcemx450,Dos,31600000.0,31550000.0,لپ تاپ لنوو 15.6 اینچی مدل ThinkBook 15 پردازنده Core i7 1165G7 رم 8GB حافظه 512GB SSD گرافیک 2GB MX450,ThinkBook 15 Core i7 1165G7 8GB 512GB 2GB MX450 Full HD Laptop,0.16,33456812.5
82,1.85,نوت بوک (لپ تاپ),15.6,tn,768 * 1366,INTEL,Celeron,Celeron-N4020,4.0,528.0,SSD,SSD NVMe,Intel,uhd,Dos,12000000.0,11900000.0,لپ تاپ لنوو 15.6 اینچی مدل V15 پردازنده N4020 رم 4GB حافظه 512GB SSD گرافیک Intel,V15 N4020 4GB 512GB SSD Intel HD Laptop,0.83,32168890.0
83,2.1,نوت بوک (لپ تاپ),15.6,fhd,1080 * 1920,INTEL,Core i5,i5-1135G7,16.0,256.0,SSD,SSD NVMe,Nvidia,geforcemx350,Dos,,24130000.0,لپ تاپ لنوو 15.6 اینچی مدل V15 پردازنده Core i5 1135G7 رم 16GB حافظه 256GB SSD گرافیک 2GB صفحه نمایش FHD,V15 Core i5 1135G7 16GB 256GB SSD 2GB MX350 FHD Laptop,0.0,34520705.0
84,2.1,نوت بوک (لپ تاپ),15.6,fhd,1080 * 1920,INTEL,Core i5,i5-1135G7,16.0,528.0,SSD,SSD NVMe,Nvidia,geforcemx350,Dos,,25150000.0,لپ تاپ لنوو 15.6 اینچی مدل V15 پردازنده Core i5 1135G7 رم 16GB حافظه 512GB SSD گرافیک 2GB صفحه نمایش FHD,V15 Core i5 1135G7 16GB 512GB SSD 2GB MX350 FHD Laptop,0.0,34211042.5
87,1.63,نوت بوک (لپ تاپ),15.6,fhd,1080 * 1920,INTEL,Core i5,i5 - 1235U,16.0,528.0,Hybrid,SSD NVMe,Intel,irisplus,Dos,,26130000.0,لپ تاپ لنوو 15.6 اینچی مدل Ideapad 3 پردازنده Core i5 1235U رم 16GB حافظه 1TB 512GB SSD گرافیک Intel,Ideapad 3 Core i5 1235U 16GB 1TB 512GB SSD Intel Iris Full HD Laptop,0.0,29958340.0
88,1.7,نوت بوک (لپ تاپ),15.6,fhd,1080 * 1920,INTEL,Core i3,I3-1115G4,12.0,1024.0,SSD,SSD NVMe,Nvidia,nvidiageforcemx350gddr5,Dos,,20750000.0,لپ تاپ لنوو 15.6 اینچی مدل V15 پردازنده Core i3 1115G4 رم 12GB حافظه 1TB SSD گرافیک 2GB MX350 فول اچ دی,V15 Core i3 1115G4 12GB 1TB SSD 2GB MX350 Full HD Laptop,0.0,20299672.5
89,1.63,نوت بوک (لپ تاپ),15.6,fhd,1080 * 1920,INTEL,Core i5,i5 - 1235U,8.0,528.0,Hybrid,SSD NVMe,Intel,irisplus,Dos,25250000.0,25150000.0,لپ تاپ لنوو 15.6 اینچی مدل Ideapad 3 پردازنده Core i5 1235U رم 8GB حافظه 1TB 512GB SSD گرافیک Intel,Ideapad 3 Core i5 1235U 8GB 1TB 512GB SSD Intel Iris Full HD Laptop,0.4,29890480.0
90,1.63,نوت بوک (لپ تاپ),15.6,fhd,1080 * 1920,INTEL,Core i5,i5 - 1235U,16.0,528.0,SSD,SSD NVMe,Intel,irisplus,Dos,24810000.0,24610000.0,لپ تاپ لنوو 15.6 اینچی مدل Ideapad 3 پردازنده Core i5 1235U رم 16GB حافظه 512GB SSD گرافیک Intel,Ideapad 3 Core i5 1235U 16GB 512GB SSD Intel Iris Full HD Laptop,0.81,29916180.0
91,1.75,نوت بوک (لپ تاپ),15.6,fhd tn,1080 * 1920,INTEL,Core i3,I3-1115G4,20.0,1024.0,SSD,SSD NVMe,Intel,uhd,Dos,,18350000.0,لپ تاپ لنوو 15.6 اینچی مدل Ideapad 3 پردازنده Core i3 1115G4 رم 20GB حافظه 1TB SSD گرافیک Intel,Ideapad 3 Core i3 1115G4 20GB 1TB SSD Intel FHD Laptop,0.0,17152790.0
93,1.62,نوت بوک (لپ تاپ),15.6,fhd tn,1080 * 1920,INTEL,Core i3,i3-1215U,20.0,528.0,SSD,SSD NVMe,Intel,uhd,Dos,,17590000.0,لپ تاپ لنوو 15.6 اینچی مدل Ideapad 3 پردازنده Core i3 1215U رم 20GB حافظه 512GB SSD گرافیک Intel,Ideapad 3 Core i3 1215U 20GB 512GB SSD Intel FHD Laptop,0.0,23149410.0
94,1.2,نوت بوک (لپ تاپ),15.0,pixelsense™ display,2256 * 1504,INTEL,Core i7,i7 1065 G7,32.0,1024.0,SSD,,Intel,irisplus,Microsoft Windows 10,73600000.0,72600000.0,لپ تاپ 15 اینچی مایکروسافت مدل Surface Laptop 3 Core i7 32GB 1TB SSD Intel,Surface Laptop 3 Core i7 32GB 1TB SSD Intel Touch 15 Inch Laptop,1.36,68885407.5
95,1.2,نوت بوک (لپ تاپ),13.5,pixelsense™ display,2256 * 1504,INTEL,Core i5,i5-1135G7,8.0,528.0,SSD,,Intel,irisplus,Microsoft Windows 10,50300000.0,49300000.0,لپ تاپ 13 اینچی مایکروسافت مدل Surface Laptop 4 پردازنده Core i5-1135G7 رم 8GB حافظه 512GB SSD گرافیک Intel,Surface Laptop 4 13.5inch Core i5-1135G7 8GB 512GB SSD Intel Touch Laptop,1.99,61571785.0
97,1.8,نوت بوک (لپ تاپ),14.4,pixelsense™ display,1600 * 2560,INTEL,Core i7,i7-11370H,32.0,1024.0,SSD,,Nvidia,rtx3050,Microsoft Windows 11,121000000.0,120000000.0,لپ تاپ 14.4 اینچی مایکروسافت مدل Surface Laptop Studio پردازنده Core i7-11370H رم 32GB حافظه 1TB SSD گرافیک 4GB RTX3050Ti,Surface Laptop Studio 14.4inch Core i7-11370H 32GB 1TB SSD 4GB RTX 3050Ti Touch Laptop,0.83,72012080.0
99,1.75,نوت بوک (لپ تاپ),15.6,fhd tn,1080 * 1920,INTEL,Core i3,I3-1115G4,12.0,1024.0,SSD,SSD NVMe,Intel,uhd,Dos,17500000.0,17300000.0,لپ تاپ لنوو 15.6 اینچی مدل Ideapad 3 پردازنده Core i3 1115G4 رم 12GB حافظه 1TB SSD گرافیک Intel,Ideapad 3 Core i3 1115G4 12GB 1TB SSD Intel FHD Laptop,1.14,17152790.0
100,1.8,نوت بوک (لپ تاپ),14.4,pixelsense™ display,1600 * 2560,INTEL,Core i7,i7-11370H,32.0,2048.0,SSD,,Nvidia,rtx3050,Microsoft Windows 11,135000000.0,134000000.0,لپ تاپ 14.4 اینچی مایکروسافت مدل Surface Laptop Studio پردازنده Core i7-11370H رم 32GB حافظه 2TB SSD گرافیک 4GB RTX3050Ti,Surface Laptop Studio 14.4inch Core i7-11370H 32GB 2TB SSD 4GB RTX 3050Ti Touch Laptop,0.74,72012080.0
107,1.2,نوت بوک (لپ تاپ),15.0,pixelsense™ display,2256 * 1504,INTEL,Core i7,i7 1065 G7,16.0,528.0,SSD,SSD NVMe,Intel,irisplus,Microsoft Windows 10,57300000.0,56300000.0,لپ تاپ 15 اینچی مایکروسافت مدل Surface Laptop 3 Core i7 16GB 512GB SSD Intel,Surface Laptop 3 Core i7 16GB 512GB SSD Intel Touch 15 Inch Laptop,1.75,61701497.5
111,1.2,نوت بوک (لپ تاپ),13.5,pixelsense™ display,2256 * 1504,INTEL,Core i7,i7-1255U,16.0,528.0,SSD,,Intel,irisplus,Microsoft Windows 11,72500000.0,71500000.0,لپ تاپ 13.5 اینچی مایکروسافت مدل Surface Laptop 5 پردازنده Core i7-1255U رم 16GB حافظه 512GB SSD گرافیک Intel,Surface Laptop 5 13.5inch Core i7-1255U 16GB 512GB SSD Intel Touch Laptop,1.38,70834310.0
114,1.8,نوت بوک (لپ تاپ),15.6,fhd,1080 * 1920,INTEL,Core i5,i5-1135G7,12.0,528.0,SSD,SSD NVMe,Nvidia,geforcemx330,,27533000.0,27233000.0,لپ تاپ ایسوس 15.6 اینچی مدل X1500EP پردازنده Core i5 1135G7 رم 12GB حافظه 512GB SSD گرافیک 2GB,X1500EP Core i5 1135G7 12GB 512GB SSD 2GB MX330 FHD Laptop,1.09,30175182.5
115,1.2,نوت بوک (لپ تاپ),13.5,pixelsense™ display,2256 * 1504,INTEL,Core i5,i5 - 1235U,16.0,528.0,SSD,,Intel,irisplus,Microsoft Windows 11,64300000.0,63300000.0,لپ تاپ 13.5 اینچی مایکروسافت مدل Surface Laptop 5 پردازنده Core i5-1235U رم 16GB حافظه 512GB SSD گرافیک Intel,Surface Laptop 5 13.5inch Core i5-1235U 16GB 512GB SSD Intel Touch Laptop,1.56,61786390.0
116,1.2,نوت بوک (لپ تاپ),13.5,pixelsense™ display,2256 * 1504,INTEL,Core i5,i5 - 1235U,8.0,256.0,SSD,,Intel,irisplus,Microsoft Windows 11,46833000.0,45833000.0,لپ تاپ 13.5 اینچی مایکروسافت مدل Surface Laptop 5 پردازنده Core i5-1235U رم 8GB حافظه 256GB SSD گرافیک Intel,Surface Laptop 5 13.5inch Core i5-1235U 8GB 256GB SSD Intel Touch Laptop,2.14,56839530.0
117,1.2,نوت بوک (لپ تاپ),13.5,pixelsense™ display,2256 * 1504,INTEL,Core i5,i5 - 1235U,8.0,528.0,SSD,,Intel,irisplus,Microsoft Windows 11,55380000.0,54380000.0,لپ تاپ 13.5 اینچی مایکروسافت مدل Surface Laptop 5 پردازنده Core i5-1235U رم 8GB حافظه 512GB SSD گرافیک Intel,Surface Laptop 5 13.5inch Core i5-1235U 8GB 512GB SSD Intel Touch Laptop,1.81,61242150.0
120,2.3,نوت بوک (لپ تاپ),16.0,ips,1080 * 1920,INTEL,Core i7,i7-11800H,16.0,1024.0,SSD,SSD NVMe,Nvidia,geforcertx3070gddr6,,,58800000.0,لپ تاپ 16 اینچی اچ پی مدل OMEN 16 B0001 - A پردازنده Core i7 رم 16GB حافظه 1TB SSD گرافیک 8GB 3070,OMEN 16 B0001 - A Core i7 11800H 16GB 1TB SSD 8GB 3070 Full HD IPS Laptop,0.0,59953457.14285714
121,2.2,نوت بوک (لپ تاپ),15.6,ips,1080 * 1920,INTEL,Core i5,i5 12500H,16.0,528.0,SSD,SSD NVMe,Nvidia,rtx3050,,46449000.0,46324000.0,لپ تاپ ایسوس 15.6 اینچی مدل TUF Gaming FX507ZC پردازنده Core i5 12500H رم 16GB حافظه 512GB SSD گرافیک 4GB RTX3050,TUF Gaming FX507ZC Core i5 12500H 16GB 512GB SSD 4GB RTX3050 Full HD Laptop,0.27,42272300.0
122,2.2,نوت بوک (لپ تاپ),15.6,ips,1080 * 1920,INTEL,Core i5,i5 12500H,16.0,1024.0,SSD,SSD NVMe,Nvidia,rtx3050,,47949000.0,47834000.0,لپ تاپ ایسوس 15.6 اینچی مدل TUF Gaming FX507ZC پردازنده Core i5 12500H رم 16GB حافظه 1TB SSD گرافیک 4GB RTX3050,TUF Gaming FX507ZC Core i5 12500H 16GB 1TB SSD 4GB RTX3050 Full HD Laptop,0.24,41968220.0
123,1.8,نوت بوک (لپ تاپ),15.6,fhd,1080 * 1920,INTEL,Core i5,i5-1135G7,12.0,1024.0,SSD,SSD NVMe,Nvidia,geforcemx330,,28199000.0,28064000.0,لپ تاپ ایسوس 15.6 اینچی مدل X1500EP پردازنده Core i5 1135G7 رم 12GB حافظه 1TB SSD گرافیک 2GB,X1500EP Core i5 1135G7 12GB 1TB SSD 2GB MX330 FHD Laptop,0.48,30123945.0
124,1.8,نوت بوک (لپ تاپ),15.6,fhd,1080 * 1920,INTEL,Core i5,i5-1135G7,16.0,528.0,SSD,SSD NVMe,Nvidia,geforcemx330,,27899000.0,27774000.0,لپ تاپ ایسوس 15.6 اینچی مدل X1500EP پردازنده Core i5 1135G7 رم 16GB حافظه 512GB SSD گرافیک 2GB,X1500EP Core i5 1135G7 16GB 512GB SSD 2GB MX330 FHD Laptop,0.45,30460380.0
125,1.8,نوت بوک (لپ تاپ),15.6,fhd,1080 * 1920,INTEL,Core i5,i5-1135G7,24.0,1024.0,SSD,SSD NVMe,Nvidia,geforcemx330,,29999000.0,29889000.0,لپ تاپ ایسوس 15.6 اینچی مدل X1500EP پردازنده Core i5 1135G7 رم 24GB حافظه 1TB SSD گرافیک 2GB,X1500EP Core i5 1135G7 24GB 1TB SSD 2GB MX330 FHD Laptop,0.37,30379142.5
126,1.7,نوت بوک (لپ تاپ),15.6,fhd,1080 * 1920,INTEL,Core i3,i3-1215U,4.0,256.0,SSD,SSD NVMe,Intel,uhd,,16999000.0,16749000.0,لپ تاپ ایسوس 15.6 اینچی مدل VivoBook X1502ZA پردازنده Core i3 1215U رم 4GB حافظه 256GB SSD گرافیک Intel,ASUS VivoBook X1502ZA Core i3 1215U 4GB 256GB SSD Intel Full HD Laptop,1.47,15704890.0
127,1.7,نوت بوک (لپ تاپ),15.6,oled,1080 * 1920,AMD,Ryzen 5,Ryzen 5 4600H,8.0,528.0,SSD,SSD NVMe,AMD,radeonrx6600m,,24299000.0,24189000.0,لپ تاپ ایسوس 15.6 اینچی مدل Vivobook 15X OLED M1503IA پردازنده Ryzen 5 رم 8GB حافظه 512GB SSD گرافیک AMD,Vivobook 15X OLED M1503IA Ryzen 5 4600H 8GB 512GB SSD AMD Full HD Laptop,0.45,73755760.0
128,1.7,نوت بوک (لپ تاپ),15.6,"ips-level panel, led backlit",1080 * 1920,INTEL,Core i7,i7-1255U,16.0,1024.0,SSD,SSD NVMe,Intel,irisplus,,32799000.0,32649000.0,لپ تاپ ایسوس 15.6 اینچی مدل VivoBook R1502ZA پردازنده Core i7 رم 16GB حافظه 1TB SSD گرافیک INTEL,VivoBook R1502ZA Core i7 1255U 16GB 1TB SSD INTEL Full HD Laptop,0.46,35442232.5
129,1.7,نوت بوک (لپ تاپ),15.6,"ips-level panel, led backlit",1080 * 1920,INTEL,Core i7,i7-1255U,16.0,528.0,SSD,SSD NVMe,Intel,irisplus,,32199000.0,31199000.0,لپ تاپ ایسوس 15.6 اینچی مدل VivoBook R1502ZA پردازنده Core i7 رم 16GB حافظه 512GB SSD گرافیک INTEL,VivoBook R1502ZA Core i7 1255U 16GB 512GB SSD INTEL Full HD Laptop,3.11,35217202.5
131,2.3,نوت بوک (لپ تاپ),15.6,ips,1080 * 1920,AMD,Ryzen 7,Ryzen 7 6800H,32.0,1024.0,SSD,SSD NVMe,Nvidia,rtx3050,,55299000.0,54849000.0,لپ تاپ ایسوس 15.6 اینچی مدل ROG Strix G513RC پردازنده Ryzen 7 6800H رم 32GB حافظه 1TB SSD گرافیک 4GB RTX3050,ROG Strix G15 G513RC Ryzen 7 6800H 32GB 1TB SSD 4GB RTX3050 Full HD Laptop,0.81,85982230.0
132,1.8,نوت بوک (لپ تاپ),15.6,fhd,1080 * 1920,INTEL,Core i3,I3-1115G4,8.0,256.0,SSD,SSD NVMe,Intel,uhd,,16799000.0,16689000.0,لپ تاپ ایسوس 15.6 اینچی مدل X1500EA پردازنده Core i3 1115G4 رم 8GB حافظه 256GB SSD گرافیک Intel فول اچ دی,X1500EA Core i3 1115G4 8GB 256GB SSD Intel Full HD Laptop,0.65,16632330.0
133,1.8,نوت بوک (لپ تاپ),15.6,fhd,1080 * 1920,INTEL,Core i3,I3-1115G4,20.0,1024.0,SSD,SSD NVMe,Intel,uhd,,20399000.0,20289000.0,لپ تاپ ایسوس 15.6 اینچی مدل X1500EA پردازنده Core i3 1115G4 رم 20GB حافظه 1TB SSD گرافیک Intel فول اچ دی,X1500EA Core i3 1115G4 20GB 1TB SSD Intel Full HD Laptop,0.54,17794620.0
134,1.8,نوت بوک (لپ تاپ),15.6,fhd,1080 * 1920,INTEL,Core i3,I3-1115G4,20.0,528.0,SSD,SSD NVMe,Intel,uhd,,18699000.0,18574000.0,لپ تاپ ایسوس 15.6 اینچی مدل X1500EA پردازنده Core i3 1115G4 رم 20GB حافظه 512GB SSD گرافیک Intel فول اچ دی,X1500EA Core i3 1115G4 20GB 512GB SSD Intel Full HD Laptop,0.67,17887100.0
135,1.8,نوت بوک (لپ تاپ),15.6,oled,1080 * 1920,INTEL,Core i7,i7 1165G7,16.0,528.0,SSD,SSD NVMe,Nvidia,geforcemx350,Dos,34829000.0,34644000.0,لپ تاپ ایسوس 15.6 اینچی مدل VivoBook K513EQ OLED پردازنده Core i7 1165G7 رم 16GB حافظه 512GB SSD گرافیک 2GB,VivoBook K513EQ OLED Core i7 1165G7 16GB 512GB SSD 2GB MX350 Full HD Laptop,0.53,34472024.64285714
136,1.8,نوت بوک (لپ تاپ),15.6,fhd,1080 * 1920,INTEL,Core i3,I3-1115G4,8.0,1024.0,SSD,SSD NVMe,Intel,uhd,,18899000.0,18789000.0,لپ تاپ ایسوس 15.6 اینچی مدل X1500EA پردازنده Core i3 1115G4 رم 8GB حافظه 1TB SSD گرافیک Intel فول اچ دی,X1500EA Core i3 1115G4 8GB 1TB SSD Intel Full HD Laptop,0.58,17193660.0
137,1.8,نوت بوک (لپ تاپ),15.6,fhd,1080 * 1920,INTEL,Core i3,I3-1115G4,12.0,528.0,SSD,SSD NVMe,Intel,uhd,,17833000.0,17723000.0,لپ تاپ ایسوس 15.6 اینچی مدل X1500EA پردازنده Core i3 1115G4 رم 12GB حافظه 512GB SSD گرافیک Intel فول اچ دی,X1500EA Core i3 1115G4 12GB 512GB SSD Intel Full HD Laptop,0.62,17887100.0
138,1.8,نوت بوک (لپ تاپ),15.6,fhd,1080 * 1920,INTEL,Core i3,I3-1115G4,12.0,1024.0,SSD,SSD NVMe,Intel,uhd,,19399000.0,19289000.0,لپ تاپ ایسوس 15.6 اینچی مدل X1500EA پردازنده Core i3 1115G4 رم 12GB حافظه 1TB SSD گرافیک Intel فول اچ دی,X1500EA Core i3 1115G4 12GB 1TB SSD Intel Full HD Laptop,0.57,17794620.0
139,1.8,نوت بوک (لپ تاپ),15.6,fhd,1080 * 1920,INTEL,Core i5,i5-1135G7,16.0,1024.0,SSD,SSD NVMe,Nvidia,geforcemx330,,29533000.0,29408000.0,لپ تاپ ایسوس 15.6 اینچی مدل VivoBook R565EP پردازنده Core i5 1135G7 رم 16GB حافظه 1TB SSD گرافیک 2GB,VivoBook R565EP Core i5 1135G7 16GB 1TB SSD 2GB Full HD Laptop,0.42,30379142.5
140,1.8,نوت بوک (لپ تاپ),15.6,fhd,1080 * 1920,INTEL,Core i5,i5-1135G7,16.0,528.0,SSD,SSD NVMe,Nvidia,geforcemx330,,28099000.0,27989000.0,لپ تاپ ایسوس 15.6 اینچی مدل VivoBook R565EP پردازنده Core i5 1135G7 رم 16GB حافظه 512GB SSD گرافیک 2GB,VivoBook R565EP Core i5 1135G7 16GB 512GB SSD 2GB Full HD Laptop,0.39,30460380.0
144,2.3,نوت بوک (لپ تاپ),16.0,ips,1080 * 1920,INTEL,Core i7,i7-11800H,32.0,1024.0,SSD,SSD NVMe,Nvidia,geforcertx3070gddr6,,,60500000.0,لپ تاپ 16 اینچی اچ پی مدل OMEN 16 B0001 - B پردازنده Core i7 رم 32GB حافظه 1TB SSD گرافیک 8GB 3070,OMEN 16 B0001 - B Core i7 11800H 32GB 1TB SSD 8GB 3070 Full HD IPS Laptop,0.0,67509870.0
145,2.4,نوت بوک (لپ تاپ),16.0,ips,1080 * 1920,INTEL,Core i7,i7-11800H,32.0,1024.0,SSD,SSD NVMe,Nvidia,geforcertx3060,,,55700000.0,لپ تاپ 16 اینچی اچ پی مدل OMEN 16 B0003 - B پردازنده Core i7 رم 32GB حافظه 1TB SSD گرافیک 6GB 3060,OMEN 16 B0003 - B Core i7 11800H 32GB 1TB SSD 6GB 3060 Full HD IPS Laptop,0.0,89894822.5
147,2.4,نوت بوک (لپ تاپ),16.0,ips,1080 * 1920,INTEL,Core i7,i7-11800H,16.0,1024.0,SSD,SSD NVMe,Nvidia,geforcertx3060,,,53000000.0,لپ تاپ 16 اینچی اچ پی مدل OMEN 16 B0003 - A پردازنده Core i7 رم 16GB حافظه 1TB SSD گرافیک 6GB 3060,OMEN 16 B0003 - A Core i7 11800H 16GB 1TB SSD 6GB 3060 Full HD IPS Laptop,0.0,82338409.64285713
152,1.5,نوت بوک (لپ تاپ),14.0,ips,1080 * 1920,INTEL,Core i7,i7-1355U,16.0,1024.0,SSD,SSD NVMe,Intel,irisplus,Microsoft Windows 11,,57150000.0,لپ تاپ 14 اینچی اچ پی مدل Pavilion x360 14t EK1000 پردازنده Core i7 رم 16GB حافظه 1TB SSD گرافیک Intel,HP Pavilion x360 14t EK1000 Core i7 1355U 16GB 1TB SSD Intel Full HD Touch Laptop,0.0,60264240.0
154,1.74,نوت بوک (لپ تاپ),15.6,ips,768 * 1366,INTEL,Core i7,i7-1255U,8.0,528.0,SSD,SSD NVMe,Nvidia,mx570gddr6,,35500000.0,35150000.0,لپ تاپ 15.6 اینچی اچ پی مدل ProBook 450 G9 - 7A پردازنده Core i7 رم 8GB حافظه 512GB SSD گرافیک 2GB MX570,HP ProBook 450 G9 - 7A Core i7 1255U 8GB 512GB SSD 2GB MX570 HD Laptop,0.99,50949142.5
156,1.74,نوت بوک (لپ تاپ),15.6,ips,768 * 1366,INTEL,Core i7,i7-1255U,16.0,1024.0,SSD,SSD NVMe,Nvidia,mx570gddr6,,38000000.0,37750000.0,لپ تاپ 15.6 اینچی اچ پی مدل ProBook 450 G9 - 7C پردازنده Core i7 رم 16GB حافظه 1TB SSD گرافیک 2GB MX570,HP ProBook 450 G9 - 7C Core i7 1255U 16GB 1TB SSD 2GB MX570 HD Laptop,0.66,51674802.5
157,1.74,نوت بوک (لپ تاپ),15.6,ips,768 * 1366,INTEL,Core i7,i7-1255U,8.0,1024.0,SSD,SSD NVMe,Nvidia,mx570gddr6,,,36000000.0,لپ تاپ 15.6 اینچی اچ پی مدل ProBook 450 G9 - 7B پردازنده Core i7 رم 8GB حافظه 1TB SSD گرافیک 2GB MX570,HP ProBook 450 G9 - 7B Core i7 1255U 8GB 1TB SSD 2GB MX570 HD Laptop,0.0,51389692.5
168,1.8,نوت بوک (لپ تاپ),15.6,fhd,1080 * 1920,INTEL,Core i5,i5-1135G7,12.0,528.0,Hybrid,SSD NVMe,Nvidia,geforcemx330,,29599000.0,29464000.0,لپ تاپ ایسوس 15.6 اینچی مدل VivoBook R565EP پردازنده Core i5 1135G7 رم 12GB حافظه 1TB 512GB SSD گرافیک 2GB,VivoBook R565EP Core i5 1135G7 12GB 1TB 512GB SSD 2GB Full HD Laptop,0.46,30441535.0
169,1.8,نوت بوک (لپ تاپ),15.6,oled,1080 * 1920,INTEL,Core i7,i7 1165G7,8.0,528.0,SSD,SSD NVMe,Nvidia,geforcemx350,Dos,33799000.0,33699000.0,لپ تاپ ایسوس 15.6 اینچی مدل VivoBook K513EQ OLED پردازنده Core i7 1165G7 رم 8GB حافظه 512GB SSD گرافیک 2GB,VivoBook K513EQ OLED Core i7 1165G7 8GB 512GB SSD 2GB MX350 Full HD Laptop,0.3,34271054.64285714
172,1.8,نوت بوک (لپ تاپ),15.6,fhd,1080 * 1920,INTEL,Core i5,i5-1135G7,12.0,256.0,Hybrid,SSD NVMe,Nvidia,geforcemx330,,28633000.0,28523000.0,لپ تاپ ایسوس 15.6 اینچی مدل VivoBook R565EP پردازنده Core i5 1135G7 رم 12GB حافظه 1TB 256GB SSD گرافیک 2GB,VivoBook R565EP Core i5 1135G7 12GB 1TB 256GB SSD 2GB Full HD Laptop,0.38,30861525.0
178,1.7,نوت بوک (لپ تاپ),15.6,"ips-level panel, led backlit",1080 * 1920,INTEL,Core i5,i5 - 1235U,8.0,528.0,SSD,SSD NVMe,Intel,irisplus,,27699000.0,26749000.0,لپ تاپ ایسوس 15.6 اینچی مدل VivoBook R1502ZA پردازنده Core i5 رم 8GB حافظه 512GB SSD گرافیک INTEL,VivoBook R1502ZA Core i5 1235U 8GB 512GB SSD INTEL Full HD Laptop,3.43,26712270.0
179,1.8,نوت بوک (لپ تاپ),15.6,fhd,1080 * 1920,INTEL,Core i5,i5-1135G7,20.0,1024.0,SSD,SSD NVMe,Nvidia,geforcemx330,,30199000.0,30049000.0,لپ تاپ ایسوس 15.6 اینچی مدل X515EP پردازنده Core i5 1135G7 رم 20GB حافظه 1TB SSD گرافیک 2GB,X515EP Core i5 1135G7 20GB 1TB SSD 2GB MX330 FHD Laptop,0.5,30379142.5
182,1.7,نوت بوک (لپ تاپ),15.6,"ips-level panel, led backlit",1080 * 1920,INTEL,Core i7,i7-1255U,8.0,528.0,SSD,SSD NVMe,Intel,irisplus,,30299000.0,30184000.0,لپ تاپ ایسوس 15.6 اینچی مدل VivoBook R1502ZA پردازنده Core i7 رم 8GB حافظه 512GB SSD گرافیک INTEL,VivoBook R1502ZA Core i7 1255U 8GB 512GB SSD INTEL Full HD Laptop,0.38,35078512.5
185,1.8,نوت بوک (لپ تاپ),15.6,fhd,1080 * 1920,INTEL,Core i7,i7 1165G7,12.0,528.0,SSD,SSD NVMe,Nvidia,geforcemx330,,33499000.0,33379000.0,لپ تاپ ایسوس 15.6 اینچی مدل VivoBook R565EP پردازنده Core i7 1165G7 رم 12GB حافظه 512GB SSD گرافیک 2GB,VivoBook R565EP Core i7 1165G7 12GB 512GB SSD 2GB Full HD Laptop,0.36,32910182.14285714
187,1.7,نوت بوک (لپ تاپ),16.0,wuxga,1200*1920,INTEL,Core i7,i7-1255U,16.0,528.0,SSD,SSD NVMe,Intel,irisplus,,33599000.0,32599000.0,لپ تاپ ایسوس 16 اینچی مدل VivoBook R1605ZA پردازنده Core i7 رم 16GB حافظه 512GB SSD گرافیک INTEL,VivoBook R1605ZA Core i7 1255U 16GB 512GB SSD INTEL WUXGA Laptop,2.98,57516397.5
189,1.7,نوت بوک (لپ تاپ),16.0,wuxga,1200*1920,INTEL,Core i5,i5 - 1235U,16.0,528.0,SSD,SSD NVMe,Intel,irisplus,,28999000.0,28814000.0,لپ تاپ ایسوس 16 اینچی مدل VivoBook R1605ZA پردازنده Core i5 رم 16GB حافظه 512GB SSD گرافیک INTEL,VivoBook R1605ZA Core i5 1235U 16GB 512GB SSD INTEL WUXGA Laptop,0.64,50797500.0
190,2.3,نوت بوک (لپ تاپ),15.6,ips,1080 * 1920,AMD,Ryzen 7,Ryzen 7 6800H,16.0,1024.0,SSD,SSD NVMe,Nvidia,rtx3050,,49989000.0,49789000.0,لپ تاپ ایسوس 15.6 اینچی مدل ROG Strix G513RC پردازنده Ryzen 7 6800H رم 16GB حافظه 1TB SSD گرافیک 4GB RTX3050,ROG Strix G15 G513RC Ryzen 7 6800H 16GB 1TB SSD 4GB RTX3050 Full HD Laptop,0.4,78080220.0
191,1.8,نوت بوک (لپ تاپ),15.6,fhd,1080 * 1920,INTEL,Core i5,i5-1135G7,12.0,528.0,SSD,SSD NVMe,Nvidia,geforcemx330,,27399000.0,27289000.0,لپ تاپ ایسوس 15.6 اینچی مدل X515EP پردازنده Core i5 1135G7 رم 12GB حافظه 512GB SSD گرافیک 2GB,X515EP Core i5 1135G7 12GB 512GB SSD 2GB MX330 FHD Laptop,0.4,30175182.5
192,1.8,نوت بوک (لپ تاپ),15.6,fhd,1080 * 1920,INTEL,Core i7,i7 1165G7,16.0,1024.0,SSD,SSD NVMe,Nvidia,geforcemx330,,32799000.0,32649000.0,لپ تاپ ایسوس 15.6 اینچی مدل X515EP پردازنده Core i7 1165G7 رم 16GB حافظه 1TB SSD گرافیک 2GB,X515EP Core i7 1165G7 16GB 1TB SSD 2GB MX330 FHD Laptop,0.46,33478809.64285714
193,1.7,نوت بوک (لپ تاپ),16.0,wuxga,1200*1920,INTEL,Core i7,i7-1255U,8.0,528.0,SSD,SSD NVMe,Intel,irisplus,,31799000.0,31684000.0,لپ تاپ ایسوس 16 اینچی مدل VivoBook R1605ZA پردازنده Core i7 رم 8GB حافظه 512GB SSD گرافیک INTEL,VivoBook R1605ZA Core i7 1255U 8GB 512GB SSD INTEL WUXGA Laptop,0.36,57237687.5
194,1.8,نوت بوک (لپ تاپ),15.6,fhd,1080 * 1920,INTEL,Core i7,i7 1165G7,8.0,528.0,SSD,SSD NVMe,Nvidia,geforcemx330,,30799000.0,30699000.0,لپ تاپ ایسوس 15.6 اینچی مدل X515EP پردازنده Core i7 1165G7 رم 8GB حافظه 512GB SSD گرافیک 2GB,X515EP Core i7 1165G7 8GB 512GB SSD 2GB MX330 FHD Laptop,0.32,33140307.14285714
195,1.8,نوت بوک (لپ تاپ),15.6,fhd,1080 * 1920,INTEL,Core i7,i7 1165G7,16.0,528.0,SSD,SSD NVMe,Nvidia,geforcemx330,,31789000.0,31689000.0,لپ تاپ ایسوس 15.6 اینچی مدل X515EP پردازنده Core i7 1165G7 رم 16GB حافظه 512GB SSD گرافیک 2GB,X515EP Core i7 1165G7 16GB 512GB SSD 2GB MX330 FHD Laptop,0.31,33448117.14285714
196,1.8,نوت بوک (لپ تاپ),15.6,fhd,1080 * 1920,INTEL,Core i7,i7 1165G7,12.0,528.0,SSD,SSD NVMe,Nvidia,geforcemx330,,31299000.0,31184000.0,لپ تاپ ایسوس 15.6 اینچی مدل X515EP پردازنده Core i7 1165G7 رم 12GB حافظه 512GB SSD گرافیک 2GB,X515EP Core i7 1165G7 12GB 512GB SSD 2GB MX330 FHD Laptop,0.37,32910182.14285714
198,1.8,نوت بوک (لپ تاپ),15.6,fhd,1080 * 1920,INTEL,Core i5,i5-1135G7,8.0,528.0,SSD,SSD NVMe,Nvidia,geforcemx330,,27699000.0,26699000.0,لپ تاپ ایسوس 15.6 اینچی مدل X515EP پردازنده Core i5 1135G7 رم 8GB حافظه 512GB SSD گرافیک 2GB,X515EP Core i5 1135G7 8GB 512GB SSD 2GB MX330 FHD Laptop,3.61,30405307.5
199,1.8,نوت بوک (لپ تاپ),15.6,fhd,1080 * 1920,INTEL,Core i3,I3-1115G4,8.0,1024.0,SSD,,Intel,uhd,,17999000.0,17864000.0,لپ تاپ ایسوس 15.6 اینچی مدل VivoBook R565EA پردازنده Core i3 1115G4 رم 8GB حافظه 1TB SSD گرافیک Intel,VivoBook R565EA Core i3 1115G4 8GB 1TB SSD Intel Full HD Laptop,0.75,17193660.0
200,1.8,نوت بوک (لپ تاپ),15.6,fhd,1080 * 1920,INTEL,Core i5,i5-1135G7,16.0,1024.0,SSD,SSD NVMe,Nvidia,geforcemx330,,29399000.0,29274000.0,لپ تاپ ایسوس 15.6 اینچی مدل X515EP پردازنده Core i5 1135G7 رم 16GB حافظه 1TB SSD گرافیک 2GB,X515EP Core i5 1135G7 16GB 1TB SSD 2GB MX330 FHD Laptop,0.43,30379142.5
201,1.8,نوت بوک (لپ تاپ),15.6,fhd,1080 * 1920,INTEL,Core i3,I3-1115G4,8.0,256.0,SSD,SSD NVMe,Intel,uhd,,16299000.0,15299000.0,لپ تاپ ایسوس 15.6 اینچی مدل X515EA پردازنده Core i3 1115G4 رم 8GB حافظه 256GB SSD گرافیک Intel فول اچ دی,X515EA Core i3 1115G4 8GB 256GB SSD Intel Full HD Laptop,6.14,16632330.0
202,1.8,نوت بوک (لپ تاپ),15.6,oled,1080 * 1920,INTEL,Core i7,i7 1165G7,20.0,1024.0,SSD,SSD NVMe,Nvidia,geforcemx350,Dos,37299000.0,37174000.0,لپ تاپ ایسوس 15.6 اینچی مدل VivoBook K513EQ OLED پردازنده Core i7 1165G7 رم 20GB حافظه 1TB SSD گرافیک 2GB,VivoBook K513EQ OLED Core i7 1165G7 20GB 1TB SSD 2GB MX350 Full HD Laptop,0.34,34570717.14285714
203,1.8,نوت بوک (لپ تاپ),15.6,oled,1080 * 1920,INTEL,Core i7,i7 1165G7,20.0,528.0,SSD,SSD NVMe,Nvidia,geforcemx350,Dos,35799000.0,35674000.0,لپ تاپ ایسوس 15.6 اینچی مدل VivoBook K513EQ OLED پردازنده Core i7 1165G7 رم 20GB حافظه 512GB SSD گرافیک 2GB,VivoBook K513EQ OLED Core i7 1165G7 20GB 512GB SSD 2GB MX350 Full HD Laptop,0.35,34472024.64285714
204,1.8,نوت بوک (لپ تاپ),15.6,fhd,1080 * 1920,INTEL,Core i3,I3-1115G4,8.0,128.0,Hybrid,SSD NVMe,Intel,uhd,,17099000.0,16934000.0,لپ تاپ ایسوس 15.6 اینچی مدل X515EA پردازنده Core i3 1115G4 رم 8GB حافظه 1TB 128GB SSD گرافیک Intel فول اچ دی,X515EA Core i3 1115G4 8GB 1TB 128GB SSD Intel Full HD Laptop,0.96,16526890.0
205,1.8,نوت بوک (لپ تاپ),15.6,fhd,1080 * 1920,INTEL,Core i3,I3-1115G4,8.0,256.0,Hybrid,SSD NVMe,Intel,uhd,,17399000.0,17249000.0,لپ تاپ ایسوس 15.6 اینچی مدل X515EA پردازنده Core i3 1115G4 رم 8GB حافظه 1TB 256GB SSD گرافیک Intel فول اچ دی,X515EA Core i3 1115G4 8GB 1TB 256GB SSD Intel Full HD Laptop,0.86,16526890.0
207,1.8,نوت بوک (لپ تاپ),15.6,fhd,1080 * 1920,INTEL,Core i7,i7 1165G7,12.0,256.0,Hybrid,,Nvidia,geforcemx330,,35729000.0,35594000.0,لپ تاپ ایسوس 15.6 اینچی مدل VivoBook R565EP پردازنده Core i7 1165G7 رم 12GB حافظه 1TB 256GB SSD گرافیک 2GB,VivoBook R565EP Core i7 1165G7 12GB 1TB 256GB SSD 2GB Full HD Laptop,0.38,34084627.5
209,1.8,نوت بوک (لپ تاپ),15.6,fhd,1080 * 1920,INTEL,Core i3,I3-1115G4,12.0,256.0,Hybrid,SSD NVMe,Intel,uhd,,18299000.0,18179000.0,لپ تاپ ایسوس 15.6 اینچی مدل X515EA پردازنده Core i3 1115G4 رم 12GB حافظه 1TB 256GB SSD گرافیک Intel فول اچ دی,X515EA Core i3 1115G4 12GB 1TB 256GB SSD Intel Full HD Laptop,0.66,17153870.0
210,1.8,نوت بوک (لپ تاپ),15.6,fhd,1080 * 1920,INTEL,Core i7,i7 1165G7,16.0,256.0,Hybrid,SSD NVMe,Nvidia,geforcemx330,,36399000.0,36199000.0,لپ تاپ ایسوس 15.6 اینچی مدل VivoBook R565EP پردازنده Core i7 1165G7 رم 16GB حافظه 1TB 256GB SSD گرافیک 2GB,VivoBook R565EP Core i7 1165G7 16GB 1TB 256GB SSD 2GB Full HD Laptop,0.55,34599552.5
213,1.8,نوت بوک (لپ تاپ),15.6,fhd,1080 * 1920,INTEL,Core i7,i7 1165G7,8.0,528.0,SSD,SSD NVMe,Nvidia,geforcemx330,,33299000.0,33174000.0,لپ تاپ ایسوس 15.6 اینچی مدل VivoBook R565EP پردازنده Core i7 1165G7 رم 8GB حافظه 512GB SSD گرافیک 2GB,VivoBook R565EP Core i7 1165G7 8GB 512GB SSD 2GB Full HD Laptop,0.38,33140307.14285714
214,1.8,نوت بوک (لپ تاپ),15.6,fhd,1080 * 1920,INTEL,Core i3,I3-1115G4,4.0,528.0,SSD,SSD NVMe,Nvidia,geforcemx330,Dos,20599000.0,20484000.0,لپ تاپ ایسوس 15.6 اینچی مدل VivoBook R565EP پردازنده Core i3 1115G4 رم 4GB حافظه 512GB SSD گرافیک 2GB,VivoBook R565EP Core i3 1115G4 4GB 512GB SSD 2GB MX330 Full HD Laptop,0.56,17280982.5
215,2.2,نوت بوک (لپ تاپ),15.6,ips,1080 * 1920,INTEL,Core i7,i7-12650H,32.0,1024.0,SSD,SSD NVMe,Nvidia,rtx3050,,50850000.0,50750000.0,لپ تاپ لنوو 15.6 اینچی مدل Ideapad Gaming 3 پردازنده Core i7 12650H رم 32GB حافظه 1TB SSD گرافیک 4GB 3050,IdeaPad Gaming 3 Core i7 12650H 32GB 1TB SSD 4GB 3050 FHD Laptop,0.2,51531570.0
216,1.8,نوت بوک (لپ تاپ),15.6,fhd,1080 * 1920,INTEL,Core i7,i7 1165G7,16.0,528.0,SSD,SSD NVMe,Nvidia,geforcemx330,,35299000.0,35189000.0,لپ تاپ ایسوس 15.6 اینچی مدل VivoBook R565EP پردازنده Core i7 1165G7 رم 16GB حافظه 512GB SSD گرافیک 2GB,VivoBook R565EP Core i7 1165G7 16GB 512GB SSD 2GB Full HD Laptop,0.31,33448117.14285714
217,2.1,نوت بوک (لپ تاپ),15.6,fhd,1080 * 1920,INTEL,Core i5,i5-1135G7,12.0,528.0,SSD,SSD NVMe,Nvidia,geforcemx350,Dos,24280000.0,24180000.0,لپ تاپ لنوو 15.6 اینچی مدل V15 پردازنده Core i5 1135G7 رم 12GB حافظه 512GB SSD گرافیک 2GB MX350,V15 Core i5 1135G7 12GB 512GB SSD 2GB MX350 FHD Laptop,0.41,34072080.0
218,2.1,نوت بوک (لپ تاپ),15.6,fhd,1080 * 1920,INTEL,Core i5,i5-1135G7,12.0,256.0,SSD,SSD NVMe,Nvidia,geforcemx350,Dos,23770000.0,23670000.0,لپ تاپ لنوو 15.6 اینچی مدل V15 پردازنده Core i5 1135G7 رم 12GB حافظه 256GB SSD گرافیک 2GB MX350,V15 Core i5 1135G7 12GB 256GB SSD 2GB MX350 FHD Laptop,0.42,34381742.5
219,1.8,نوت بوک (لپ تاپ),15.6,fhd,1080 * 1920,INTEL,Core i5,i5-1135G7,16.0,528.0,SSD,SSD NVMe,Nvidia,geforcemx330,,27899000.0,27764000.0,لپ تاپ ایسوس 15.6 اینچی مدل X515EP پردازنده Core i5 1135G7 رم 16GB حافظه 512GB SSD گرافیک 2GB,X515EP Core i5 1135G7 16GB 512GB SSD 2GB MX330 FHD Laptop,0.48,30460380.0
221,1.75,نوت بوک (لپ تاپ),15.6,fhd tn,1080 * 1920,INTEL,Core i3,I3-1115G4,12.0,528.0,SSD,SSD NVMe,Intel,uhd,Dos,16390000.0,16090000.0,لپ تاپ لنوو 15.6 اینچی مدل Ideapad 3 پردازنده Core i3 1115G4 رم 12GB حافظه 512GB SSD گرافیک Intel Full HD,Ideapad 3 Core i3 1115G4 12GB 512GB SSD Intel Full HD Laptop,1.83,17252780.0
222,1.62,نوت بوک (لپ تاپ),15.6,fhd tn,1080 * 1920,INTEL,Core i3,i3-1215U,12.0,528.0,Hybrid,SSD NVMe,Intel,uhd,Dos,18500000.0,18200000.0,لپ تاپ لنوو 15.6 اینچی مدل Ideapad 3 پردازنده Core i3 1215U رم 12GB حافظه 1TB 512GB SSD گرافیک Intel,Ideapad 3 Core i3 1215U 12GB 1TB 512GB SSD Intel FHD Laptop,1.62,22967940.0
224,1.64,نوت بوک (لپ تاپ),14.0,ips,1080 * 1920,INTEL,Core i5,i5 - 1235U,16.0,528.0,SSD,SSD NVMe,Nvidia,mx550gddr6,Dos,,44700000.0,لپ تاپ 14 اینچی لنوو مدل ThinkPad E14 پردازنده Core i5 1235U رم 16GB حافظه 512GB SSD گرافیک 2GB MX550,ThinkPad E14 Core i5 1235U 16GB 512GB SSD 2GB MX550 Full HD IPS Laptop,0.0,56426590.0
225,2.1,نوت بوک (لپ تاپ),15.6,fhd,1080 * 1920,INTEL,Core i5,i5-1135G7,8.0,256.0,SSD,SSD NVMe,Nvidia,geforcemx350,Dos,23220000.0,23120000.0,لپ تاپ لنوو 15.6 اینچی مدل V15 پردازنده Core i5 1135G7 رم 8GB حافظه 256GB SSD گرافیک 2GB MX350,V15 Core i5 1135G7 8GB 256GB SSD 2GB MX350 FHD Laptop,0.43,34527867.5
226,1.63,نوت بوک (لپ تاپ),15.6,tn,1080 * 1920,INTEL,Core i5,i5 - 1235U,8.0,528.0,SSD,SSD NVMe,Intel,uhd,Dos,23750000.0,23550000.0,لپ تاپ لنوو 15.6 اینچی مدل Ideapad 3 پردازنده Core i5 1235U رم 8GB حافظه 512GB SSD گرافیک Intel,Ideapad 3 Core i5 1235U 8GB 512GB SSD Intel Full HD Laptop,0.84,33295890.0
231,2.2,نوت بوک (لپ تاپ),15.6,ips,1080 * 1920,INTEL,Core i7,i7-12650H,16.0,1024.0,SSD,SSD NVMe,Nvidia,rtx3050,,48910000.0,48710000.0,لپ تاپ لنوو 15.6 اینچی مدل Ideapad Gaming 3 پردازنده Core i7 12650H رم 16GB حافظه 1TB SSD گرافیک 4GB 3050,IdeaPad Gaming 3 Core i7 12650H 16GB 1TB SSD 4GB 3050 FHD Laptop,0.41,44170560.0
232,1.7,نوت بوک (لپ تاپ),15.6,fhd tn,1080 * 1920,INTEL,Core i3,i3-1215U,12.0,256.0,SSD,SSD NVMe,Intel,uhd,Dos,,16650000.0,لپ تاپ لنوو 15.6 اینچی مدل V15 پردازنده Core i3 1215U رم 12GB حافظه 256GB SSD گرافیک Intel,V15 Core i3 1215U 12GB 256GB SSD Intel FHD Laptop,0.0,17531290.0
234,1.7,نوت بوک (لپ تاپ),15.6,fhd tn,1080 * 1920,INTEL,Core i3,i3-1215U,12.0,256.0,Hybrid,SSD NVMe,Intel,uhd,Dos,18730000.0,18630000.0,لپ تاپ لنوو 15.6 اینچی مدل V15 پردازنده Core i3 1215U رم 12GB حافظه 1TB 256GB SSD گرافیک Intel,V15 Core i3 1215U 12GB 1TB 256GB SSD Intel FHD Laptop,0.53,17329430.0
235,1.7,نوت بوک (لپ تاپ),15.6,fhd tn,1080 * 1920,INTEL,Core i3,i3-1215U,8.0,256.0,Hybrid,SSD NVMe,Intel,uhd,Dos,18250000.0,18150000.0,لپ تاپ لنوو 15.6 اینچی مدل V15 پردازنده Core i3 1215U رم 8GB حافظه1TB 256GB SSD گرافیک Intel,V15 Core i3 1215U 8GB 1TB 256GB SSD Intel FHD Laptop,0.55,16772420.0
236,1.7,نوت بوک (لپ تاپ),15.6,fhd tn,1080 * 1920,INTEL,Core i3,i3-1215U,8.0,256.0,SSD,SSD NVMe,Intel,uhd,Dos,16300000.0,16200000.0,لپ تاپ لنوو 15.6 اینچی مدل V15 پردازنده Core i3 1215U رم 8GB حافظه 256GB SSD گرافیک Intel,V15 Core i3 1215U 8GB 256GB SSD Intel FHD Laptop,0.61,16927180.0
237,1.7,نوت بوک (لپ تاپ),15.6,fhd tn,1080 * 1920,INTEL,Core i3,i3-1215U,4.0,256.0,SSD,SSD NVMe,Intel,uhd,Dos,15830000.0,15630000.0,لپ تاپ لنوو 15.6 اینچی مدل V15 پردازنده Core i3 1215U رم 4GB حافظه 256GB SSD گرافیک Intel,V15 Core i3 1215U 4GB 256GB SSD Intel FHD Laptop,1.26,15654800.0
238,1.7,نوت بوک (لپ تاپ),15.6,fhd tn,1080 * 1920,INTEL,Core i3,i3-1215U,12.0,528.0,SSD,SSD NVMe,Intel,uhd,Dos,17600000.0,17350000.0,لپ تاپ لنوو 15.6 اینچی مدل V15 پردازنده Core i3 1215U رم 12GB حافظه 512GB SSD گرافیک Intel,V15 Core i3 1215U 12GB 512GB SSD Intel FHD Laptop,1.42,17871060.0
240,1.6,نوت بوک (لپ تاپ),14.0,ips,1200*1920,INTEL,Core i7,i7-1255U,16.0,528.0,SSD,,Nvidia,mx550gddr6,,,78900000.0,لپ تاپ دل 14 اینچی مدل INSPIRON 14 7420 A 2IN1 پردازنده Core i7 رم 16GB حافظه 512GB SSD گرافیک 2GB لمسی,DELL INSPIRON 14 7420 TOUCH 2IN1 Core i7 1255U 16GB 512GB SSD 2GB FHD Laptop,0.0,70906540.0
241,1.66,نوت بوک (لپ تاپ),15.6,fhd,1080 * 1920,INTEL,Core i7,i7-1255U,32.0,528.0,SSD,SSD NVMe,Nvidia,mx550gddr6,,42650000.0,42200000.0,لپ تاپ دل 15.6 اینچی مدل Vostro 3520-Z پردازنده Core i7 1255U رم 32GB حافظه 512GB SSD گرافیک 2GB,Vostro 3520-Z Core i7 1255U 32GB  512GB SSD 2GB MX550 FHD Laptop,1.06,43491785.0
242,1.7,نوت بوک (لپ تاپ),15.6,fhd tn,1080 * 1920,INTEL,Core i3,i3-1215U,8.0,528.0,SSD,SSD NVMe,Intel,uhd,Dos,17000000.0,16800000.0,لپ تاپ لنوو 15.6 اینچی مدل V15 پردازنده Core i3 1215U رم 8GB حافظه 512GB SSD گرافیک Intel,V15 Core i3 1215U 8GB 512GB SSD Intel FHD Laptop,1.18,17290670.0
243,1.66,نوت بوک (لپ تاپ),15.6,fhd,1080 * 1920,INTEL,Core i7,i7-1255U,8.0,1024.0,SSD,SSD NVMe,Nvidia,mx550gddr6,,40950000.0,40750000.0,لپ تاپ دل 15.6 اینچی مدل Vostro 3520-B پردازنده Core i7 1255U رم 8GB حافظه 1TB SSD گرافیک 2GB,Vostro 3520-B Core i7 1255U 8GB 1TB SSD 2GB MX550 FHD Laptop,0.49,35737270.0
244,1.66,نوت بوک (لپ تاپ),15.6,fhd,1080 * 1920,INTEL,Core i7,i7-1255U,32.0,1024.0,SSD,SSD NVMe,Nvidia,mx550gddr6,,44900000.0,44200000.0,لپ تاپ دل 15.6 اینچی مدل Vostro 3520-X پردازنده Core i7 1255U رم 32GB حافظه 1TB SSD گرافیک 2GB,Vostro 3520-X Core i7 1255U 32GB 1TB SSD 2GB MX550 FHD Laptop,1.56,43709815.0
253,1.7,نوت بوک (لپ تاپ),15.6,fhd,1080 * 1920,INTEL,Core i3,I3-1115G4,12.0,1024.0,HDD,,Intel,uhd,Dos,,17000000.0,لپ تاپ لنوو 15.6 اینچی مدل V15 پردازنده Core i3 1115G4 رم 12GB حافظه 1TB گرافیک Intel UHD,V15 Core i3 1115G4 12GB 1TB Intel Full HD Laptop,0.0,17617370.0
263,2.5,نوت بوک (لپ تاپ),17.3,ips,1080 * 1920,AMD,Ryzen 9,Ryzen 9 6900HX,16.0,1024.0,SSD,,Nvidia,geforcertx3060,,65599000.0,65464000.0,لپ تاپ ایسوس 17.3 اینچی مدل ROG Strix G713RM-KH071 پردازنده Ryzen 9 رم 16GB حافظه 1TB SSD گرافیک 6GB 3060,ROG Strix G713RM-KH071 Ryzen 9 6900HX 16GB 1TB SSD 6GB RTX 3060 FHD Laptop,0.21,122369990.0
274,1.8,نوت بوک (لپ تاپ),15.6,fhd,1080 * 1920,INTEL,Core i3,I3-1115G4,4.0,256.0,SSD,SSD NVMe,Intel,uhd,,15329000.0,15079000.0,لپ تاپ ایسوس 15.6 اینچی مدل X515EA پردازنده Core i3 1115G4 رم 4GB حافظه 256GB SSD گرافیک Intel فول اچ دی,X515EA Core i3 1115G4 4GB 256GB SSD Intel Full HD Laptop,1.63,15120780.0
276,1.8,نوت بوک (لپ تاپ),15.6,fhd,1080 * 1920,INTEL,Core i3,I3-1115G4,12.0,528.0,SSD,SSD NVMe,Nvidia,geforcemx330,Dos,21599000.0,21399000.0,لپ تاپ ایسوس 15.6 اینچی مدل VivoBook R565EP پردازنده Core i3 1115G4 رم 12GB حافظه 512GB SSD گرافیک 2GB,VivoBook R565EP Core i3 1115G4 12GB 512GB SSD 2GB MX330 Full HD Laptop,0.93,20203982.5
278,1.7,نوت بوک (لپ تاپ),15.6,oled,1080 * 1920,AMD,Ryzen 5,Ryzen 5 4600H,8.0,1024.0,SSD,SSD NVMe,AMD,radeonrx6600m,,25399000.0,25264000.0,لپ تاپ ایسوس 15.6 اینچی مدل Vivobook 15X OLED M1503IA پردازنده Ryzen 5 رم 8GB حافظه 1TB SSD گرافیک AMD,Vivobook 15X OLED M1503IA Ryzen 5 4600H 8GB 1TB SSD AMD Full HD Laptop,0.53,73650330.0
279,1.8,نوت بوک (لپ تاپ),15.6,fhd,1080 * 1920,INTEL,Core i3,I3-1115G4,20.0,528.0,SSD,SSD NVMe,Nvidia,geforcemx330,Dos,22999000.0,22884000.0,لپ تاپ ایسوس 15.6 اینچی مدل VivoBook R565EP پردازنده Core i3 1115G4 رم 20GB حافظه 512GB SSD گرافیک 2GB,VivoBook R565EP Core i3 1115G4 20GB 512GB SSD 2GB MX330 Full HD Laptop,0.5,20279807.5
280,2.3,نوت بوک (لپ تاپ),15.6,ips,1080 * 1920,AMD,Ryzen 7,Ryzen 7 6800H,8.0,1024.0,SSD,SSD NVMe,Nvidia,rtx3050,,48899000.0,48749000.0,لپ تاپ ایسوس 15.6 اینچی مدل ROG Strix G513RC پردازنده Ryzen 7 6800H رم 8GB حافظه 1TB SSD گرافیک 4GB RTX3050,ROG Strix G15 G513RC Ryzen 7 6800H 8GB 1TB SSD 4GB RTX3050 Full HD Laptop,0.31,78111510.0
281,1.8,نوت بوک (لپ تاپ),15.6,fhd,1080 * 1920,INTEL,Core i7,i7 1165G7,24.0,1024.0,SSD,SSD NVMe,Nvidia,geforcemx330,,36999000.0,36889000.0,لپ تاپ ایسوس 15.6 اینچی مدل VivoBook R565EP پردازنده Core i7 1165G7 رم 24GB حافظه 1TB SSD گرافیک 2GB,VivoBook R565EP Core i7 1165G7 24GB 1TB SSD 2GB Full HD Laptop,0.3,33478809.64285714
282,2.3,نوت بوک (لپ تاپ),15.6,ips,1080 * 1920,INTEL,Core i5,i5-11400H,16.0,528.0,SSD,SSD NVMe,Nvidia,geforcertx2050,,37999000.0,37814000.0,لپ تاپ ایسوس 15.6 اینچی مدل TUF FX506HF پردازنده Core i5 11400H رم 16GB حافظه 512GB SSD گرافیک 4GB RTX2050,TUF Gaming FX506HF Core i5 11400H 16GB 512GB SSD 4GB RTX2050 Full HD Laptop,0.49,38569252.5
283,2.3,نوت بوک (لپ تاپ),15.6,ips,1080 * 1920,INTEL,Core i5,i5-11400H,16.0,1024.0,SSD,SSD NVMe,Nvidia,geforcertx2050,,39599000.0,39249000.0,لپ تاپ ایسوس 15.6 اینچی مدل TUF FX506HF پردازنده Core i5 11400H رم 16GB حافظه 1TB SSD گرافیک 4GB RTX2050,TUF Gaming FX506HF Core i5 11400H 16GB 1TB SSD 4GB RTX2050 Full HD Laptop,0.88,38525882.5
284,2.3,نوت بوک (لپ تاپ),15.6,ips,1080 * 1920,INTEL,Core i5,i5-11400H,8.0,528.0,SSD,SSD NVMe,Nvidia,geforcertx2050,,36899000.0,36749000.0,لپ تاپ ایسوس 15.6 اینچی مدل TUF FX506HF پردازنده Core i5 11400H رم 8GB حافظه 512GB SSD گرافیک 4GB RTX2050,TUF Gaming FX506HF Core i5 11400H 8GB 512GB SSD 4GB RTX2050 Full HD Laptop,0.41,39156727.5
285,1.8,نوت بوک (لپ تاپ),15.6,fhd,1080 * 1920,INTEL,Core i7,i7 1165G7,24.0,528.0,SSD,SSD NVMe,Nvidia,geforcemx330,,35799000.0,35689000.0,لپ تاپ ایسوس 15.6 اینچی مدل VivoBook R565EP پردازنده Core i7 1165G7 رم 24GB حافظه 512GB SSD گرافیک 2GB,VivoBook R565EP Core i7 1165G7 24GB 512GB SSD 2GB Full HD Laptop,0.31,33448117.14285714
306,1.7,نوت بوک (لپ تاپ),15.6,fhd,1080 * 1920,INTEL,Core i3,i3-1215U,12.0,1024.0,SSD,SSD NVMe,Intel,uhd,,20399000.0,20274000.0,لپ تاپ ایسوس 15.6 اینچی مدل VivoBook X1502ZA پردازنده Core i3 1215U رم 12GB حافظه 1TB SSD گرافیک Intel,ASUS VivoBook X1502ZA Corei3 1215U 12GB 1TB  SSD Intel Full HD Laptop,0.61,18434310.0
307,1.6,نوت بوک (لپ تاپ),15.6,fhd,1080 * 1920,INTEL,Ryzen 7,Ryzen 7 5800H,16.0,528.0,SSD,,Nvidia,rtx3050,,43799000.0,43649000.0,لپ تاپ ایسوس 15.6 اینچی مدل VivoBook Pro 15 OLED D3500QC  پردازنده Ryzen 7 5800H رم 16GB حافظه 512GB SSD گرافیک 4GB 3050,ASUS VivoBook Pro 15 OLED D3500QC Ryzen 7 5800H 16GB 512GB SSD 4GB 3050 Full HD Laptop,0.34,79119910.0
308,1.8,نوت بوک (لپ تاپ),15.6,fhd,1080 * 1920,INTEL,Core i3,i5-1155G7,4.0,256.0,SSD,SSD NVMe,Nvidia,geforcemx330,,20699000.0,20499000.0,لپ تاپ ایسوس 15.6 اینچی مدل X515EP پردازنده Core i3 1115G4 رم 4GB حافظه 256GB SSD گرافیک 2GB,X515EP Core i3 1115G4 4GB 256GB SSD 2GB MX330 FHD Laptop,0.97,25365457.5
314,2.3,نوت بوک (لپ تاپ),15.6,ips,1080 * 1920,INTEL,Core i5,i5-11400H,32.0,1024.0,SSD,SSD NVMe,Nvidia,geforcertx2050,,41599000.0,41419000.0,لپ تاپ ایسوس 15.6 اینچی مدل TUF FX506HF پردازنده Core i5 11400H رم 32GB حافظه 1TB SSD گرافیک 4GB RTX2050,TUF Gaming FX506HF Core i5 11400H 32GB 1TB SSD 4GB RTX2050 Full HD Laptop,0.43,46117252.5
315,2.5,نوت بوک (لپ تاپ),17.3,ips,1080 * 1920,AMD,Ryzen 9,Ryzen 9 6900HX,32.0,1024.0,SSD,SSD NVMe,Nvidia,geforcertx3060,,69799000.0,69514000.0,لپ تاپ ایسوس 17.3 اینچی مدل ROG Strix G713RM-KH071 پردازنده Ryzen 9 رم 32GB حافظه 1TB SSD گرافیک 6GB 3060,ROG Strix G713RM-KH071 Ryzen 9 6900HX 32GB 1TB SSD 6GB RTX 3060 FHD Laptop,0.41,130429880.0
316,1.8,نوت بوک (لپ تاپ),15.6,fhd,1080 * 1920,INTEL,Core i3,i5-1155G7,12.0,256.0,SSD,SSD NVMe,Nvidia,geforcemx330,,21899000.0,21784000.0,لپ تاپ ایسوس 15.6 اینچی مدل X515EP پردازنده Core i3 1115G4 رم 12GB حافظه 256GB SSD گرافیک 2GB,X515EP Core i3 1115G4 12GB 256GB SSD 2GB MX330 FHD Laptop,0.53,26514517.5
317,2.3,نوت بوک (لپ تاپ),15.6,ips,1080 * 1920,INTEL,Core i5,i5-11400H,32.0,528.0,SSD,SSD NVMe,Nvidia,geforcertx2050,,39699000.0,39519000.0,لپ تاپ ایسوس 15.6 اینچی مدل TUF FX506HF پردازنده Core i5 11400H رم 32GB حافظه 512GB SSD گرافیک 4GB RTX2050,TUF Gaming FX506HF Core i5 11400H 32GB 512GB SSD 4GB RTX2050 Full HD Laptop,0.45,46164132.5
320,1.7,نوت بوک (لپ تاپ),16.0,wuxga,1200*1920,INTEL,Core i5,i5 - 1235U,16.0,1024.0,SSD,SSD NVMe,Intel,irisplus,,30299000.0,30189000.0,لپ تاپ ایسوس 16 اینچی مدل VivoBook R1605ZA پردازنده Core i5 رم 16GB حافظه 1TB SSD گرافیک INTEL,VivoBook R1605ZA Core i5 1235U 16GB 1TB SSD INTEL WUXGA Laptop,0.36,51080610.0
321,2.2,نوت بوک (لپ تاپ),15.6,ips,1080 * 1920,INTEL,Core i5,i5 12500H,32.0,2048.0,SSD,SSD NVMe,Nvidia,rtx3050,,52599000.0,52449000.0,لپ تاپ ایسوس 15.6 اینچی مدل TUF Gaming FX507ZC پردازنده Core i5 12500H رم 32GB حافظه 2TB SSD گرافیک 4GB RTX3050,TUF Gaming FX507ZC Core i5 12500H 32GB 2TB SSD 4GB RTX3050 Full HD Laptop,0.29,49329230.0
322,1.8,نوت بوک (لپ تاپ),15.6,fhd,1080 * 1920,INTEL,Core i7,i7 1165G7,24.0,528.0,SSD,SSD NVMe,Nvidia,geforcemx330,,32699000.0,32549000.0,لپ تاپ ایسوس 15.6 اینچی مدل X515EP پردازنده Core i7 1165G7 رم 24GB حافظه 512GB SSD گرافیک 2GB,X515EP Core i7 1165G7 24GB 512GB SSD 2GB MX330 FHD Laptop,0.46,33448117.14285714
323,2.2,نوت بوک (لپ تاپ),15.6,ips,1080 * 1920,INTEL,Core i5,i5 12500H,32.0,1024.0,SSD,SSD NVMe,Nvidia,rtx3050,,49989000.0,49809000.0,لپ تاپ ایسوس 15.6 اینچی مدل TUF Gaming FX507ZC پردازنده Core i5 12500H رم 32GB حافظه 1TB SSD گرافیک 4GB RTX3050,TUF Gaming FX507ZC Core i5 12500H 32GB 1TB SSD 4GB RTX3050 Full HD Laptop,0.36,49329230.0
325,2.2,نوت بوک (لپ تاپ),15.6,ips,1080 * 1920,INTEL,Core i7,i7-12700H,16.0,528.0,SSD,SSD NVMe,Nvidia,geforcertx4060,,66399000.0,66249000.0,لپ تاپ ایسوس 15.6 اینچی مدل TUF Gaming FX507ZV4 پردازنده Core i7 12700H رم 16GB حافظه 512GB SSD گرافیک 8GB RTX4060,TUF Gaming FX507ZV4 Core i7 12700H 16GB 512GB SSD 8GB RTX4060 FHD Laptop,0.23,40539709.64285714
326,1.8,نوت بوک (لپ تاپ),15.6,fhd,1080 * 1920,INTEL,Core i7,i7 1165G7,24.0,1024.0,SSD,SSD NVMe,Nvidia,geforcemx330,,34299000.0,34174000.0,لپ تاپ ایسوس 15.6 اینچی مدل X515EP پردازنده Core i7 1165G7 رم 24GB حافظه 1TB SSD گرافیک 2GB,X515EP Core i7 1165G7 24GB 1TB SSD 2GB MX330 FHD Laptop,0.36,33478809.64285714
327,2.5,نوت بوک (لپ تاپ),18.0,ips,1600 * 2560,INTEL,Core i9,i9 13980HX,32.0,1024.0,SSD,SSD NVMe,Nvidia,geforcertx4080,,,175200000.0,لپ تاپ ایسوس 18 اینچی مدل ROG Strix G18 G814JZ پردازنده Core i9 رم 32GB حافظه 1TB SSD گرافیک 12GB 4080,ROG Strix G18 G814JZ Core i9 13980HX 32GB 1TB SSD 12GB 4080 WQXGA Laptop,0.0,95320467.5
328,2.2,نوت بوک (لپ تاپ),15.6,ips,1080 * 1920,INTEL,Core i7,i7-12700H,16.0,1024.0,SSD,SSD NVMe,Nvidia,geforcertx4060,,67699000.0,67514000.0,لپ تاپ ایسوس 15.6 اینچی مدل TUF Gaming FX507ZV4 پردازنده Core i7 12700H رم 16GB حافظه 1TB SSD گرافیک 8GB RTX4060,TUF Gaming FX507ZV4 Core i7 12700H 16GB 1TB SSD 8GB RTX4060 FHD Laptop,0.27,40500429.64285714
329,2.2,نوت بوک (لپ تاپ),15.6,ips,1080 * 1920,INTEL,Core i7,i7-12700H,32.0,1024.0,SSD,SSD NVMe,Nvidia,geforcertx4060,,71999000.0,71864000.0,لپ تاپ ایسوس 15.6 اینچی مدل TUF Gaming FX507ZV4 پردازنده Core i7 12700H رم 32GB حافظه 1TB SSD گرافیک 8GB RTX4060,TUF Gaming FX507ZV4 Core i7 12700H 32GB 1TB SSD 8GB RTX4060 FHD Laptop,0.19,48056842.5
330,1.8,نوت بوک (لپ تاپ),15.6,fhd,1080 * 1920,INTEL,Core i5,i5-1135G7,8.0,528.0,SSD,SSD NVMe,Nvidia,geforcemx330,,26699000.0,26514000.0,لپ تاپ ایسوس 15.6 اینچی مدل X1500EP پردازنده Core i5 1135G7 رم 8GB حافظه 512GB SSD گرافیک 2GB,X1500EP Core i5 1135G7 8GB 512GB SSD 2GB MX330 FHD Laptop,0.69,30405307.5
331,2.5,نوت بوک (لپ تاپ),18.0,ips,1600 * 2560,INTEL,Core i9,i9 13980HX,16.0,1024.0,SSD,SSD NVMe,Nvidia,geforcertx4080,,,170200000.0,لپ تاپ ایسوس 18 اینچی مدل ROG Strix G18 G814JZ پردازنده Core i9 رم 16GB حافظه 1TB SSD گرافیک 12GB 4080,ROG Strix G18 G814JZ Core i9 13980HX 16GB 1TB SSD 12GB 4080 WQXGA Laptop,0.0,87681254.64285713
332,1.7,نوت بوک (لپ تاپ),15.6,fhd,1080 * 1920,INTEL,Core i3,i3-1215U,12.0,256.0,SSD,SSD NVMe,Intel,uhd,,18199000.0,18089000.0,لپ تاپ ایسوس 15.6 اینچی مدل VivoBook X1502ZA پردازنده Core i3 1215U رم 12GB حافظه 256GB SSD گرافیک Intel,ASUS VivoBook X1502ZA Corei3 1215U 12GB 256GB SSD Intel Full HD Laptop,0.6,18010100.0
352,2.2,نوت بوک (لپ تاپ),15.6,ips,1080 * 1920,INTEL,Core i5,i5-13420H,8.0,528.0,SSD,SSD NVMe,Nvidia,rtx3050,Microsoft Windows 11,41000000.0,40600000.0,لپ تاپ اچ پی 15.6 اینچی مدل Victus 15-FA1093DX پردازنده Core i5-13420H رم 8GB حافظه 512GB SSD گرافیک 6GB,HP Victus 15-FA1093DX Core i5-13420H 8GB 512GB SSD 6GB 3050 FHD Laptop,0.98,43872180.0
353,2.2,نوت بوک (لپ تاپ),15.6,ips,1080 * 1920,INTEL,Core i5,i5-13420H,16.0,528.0,SSD,SSD NVMe,Nvidia,rtx3050,,42900000.0,42400000.0,لپ تاپ اچ پی 15.6 اینچی مدل Victus 15-FA1093DX پردازنده Core i5-13420H رم 16GB حافظه 512GB SSD گرافیک 6GB,HP Victus 15-FA1093DX Core i5-13420H 16GB 512GB SSD 6GB 3050 FHD Laptop,1.17,43270830.0
354,2.2,نوت بوک (لپ تاپ),15.6,ips,1080 * 1920,INTEL,Core i5,i5-13420H,8.0,1024.0,SSD,SSD NVMe,Nvidia,rtx3050,,,42100000.0,لپ تاپ اچ پی 15.6 اینچی مدل Victus 15-FA1093DX پردازنده Core i5-13420H رم 8GB حافظه 1TB SSD گرافیک 6GB,HP Victus 15-FA1093DX Core i5-13420H 8GB 1TB SSD 6GB 3050 FHD Laptop,0.0,43593300.0
357,2.2,نوت بوک (لپ تاپ),15.6,ips,1080 * 1920,INTEL,Core i5,i5-13420H,16.0,1024.0,SSD,SSD NVMe,Nvidia,rtx3050,,,43650000.0,لپ تاپ اچ پی 15.6 اینچی مدل Victus 15-FA1093DX پردازنده Core i5-13420H رم 16GB حافظه 1TB SSD گرافیک 6GB,HP Victus 15-FA1093DX Core i5-13420H 16GB 1TB SSD 6GB 3050 FHD Laptop,0.0,43038010.0
358,1.59,نوت بوک (لپ تاپ),15.6,fhd ips,1080 * 1920,INTEL,Core i7,i7-1355U,8.0,528.0,SSD,SSD NVMe,Nvidia,mx550gddr6,,42000000.0,41100000.0,لپ تاپ 15.6 اینچی اچ پی مدل FD0237nia - A پردازنده Core i7 رم 8GB حافظه 512GB SSD گرافیک 2GB,FD0237nia - A Core i7 1355U 8GB 512GB SSD 2GB Full HD Laptop,2.14,42080862.5
359,1.59,نوت بوک (لپ تاپ),15.6,fhd ips,1080 * 1920,INTEL,Core i5,i5-1335U,8.0,1024.0,SSD,SSD NVMe,Nvidia,mx550gddr6,,37400000.0,36600000.0,لپ تاپ 15.6 اینچی اچ پی مدل FD0245nia - B پردازنده Core i5 رم 8GB حافظه 1TB SSD گرافیک 2GB,HP FD0245nia - B Core i5 1335U 8GB 1TB SSD 2GB Full HD Laptop,2.14,39353687.5
360,1.59,نوت بوک (لپ تاپ),15.6,fhd ips,1080 * 1920,INTEL,Core i5,i5-1335U,8.0,528.0,SSD,SSD NVMe,Nvidia,mx550gddr6,,35300000.0,34800000.0,لپ تاپ 15.6 اینچی اچ پی مدل FD0245nia - A پردازنده Core i5 رم 8GB حافظه 512GB SSD گرافیک 2GB,FD0245nia - A Core i5 1335U 8GB 512GB SSD 2GB Full HD Laptop,1.42,39421677.5
361,1.59,نوت بوک (لپ تاپ),15.6,fhd ips,1080 * 1920,INTEL,Core i7,i7-1355U,8.0,1024.0,SSD,SSD NVMe,Nvidia,mx550gddr6,,43690000.0,42690000.0,لپ تاپ 15.6 اینچی اچ پی مدل FD0237nia - B پردازنده Core i7 رم 8GB حافظه 1TB SSD گرافیک 2GB,HP FD0237nia - B Core i7 1355U 8GB 1TB SSD 2GB Full HD Laptop,2.29,42123392.5
363,1.59,نوت بوک (لپ تاپ),15.6,fhd ips,1080 * 1920,INTEL,Core i7,i7-1355U,16.0,1024.0,SSD,SSD NVMe,Nvidia,mx550gddr6,,45000000.0,44500000.0,لپ تاپ 15.6 اینچی اچ پی مدل FD0237nia - C پردازنده Core i7 رم 16GB حافظه 1TB SSD گرافیک 2GB,HP FD0237nia - C Core i7 1355U 8GB 1TB SSD 2GB Full HD Laptop,1.11,42312302.5
364,2.3,نوت بوک (لپ تاپ),16.0,ips,1080 * 1920,AMD,Ryzen 7,Ryzen 7 5800H,16.0,1024.0,SSD,SSD NVMe,AMD,radeonrx6600m,,,45500000.0,لپ تاپ 16 اینچی اچ پی مدل OMEN 16 C0002dx - A پردازنده Ryzen 7 5800H رم 16GB حافظه 1TB SSD گرافیک 8GB,OMEN 16 C0002dx - A Ryzen 7 5800H 16GB 1TB SSD 8GB RX6600M Full HD IPS Laptop,0.0,97441640.0
365,2.3,نوت بوک (لپ تاپ),16.0,ips,1080 * 1920,AMD,Ryzen 7,Ryzen 7 5800H,32.0,1024.0,SSD,SSD NVMe,AMD,radeonrx6600m,,,47550000.0,لپ تاپ 16 اینچی اچ پی مدل OMEN 16 C0002dx - B پردازنده Ryzen 7 5800H رم 32GB حافظه 1TB SSD گرافیک 8GB,OMEN 16 C0002dx - B Ryzen 7 5800H 32GB 1TB SSD 8GB RX6600M Full HD IPS Laptop,0.0,105512660.0
366,1.53,نوت بوک (لپ تاپ),13.5,pixelsense™ display,2000 * 3000,INTEL,Core i7,i7-8650U,8.0,256.0,SSD,,Nvidia,geforce®gtx1050gddr5,Microsoft Windows 10,50388000.0,49388000.0,لپ تاپ مایکروسافت 13 اینچ مدل Surface Book 2 پردازنده Core i7 رم 8GB هارد 256GB گرافیک 2GB با صفحه نمایش لمسی,Surface Book 2 Core i7 8GB 256GB 2GB 13inch Touch,1.98,68460395.0
367,1.8,نوت بوک (لپ تاپ),15.6,fhd,1080 * 1920,INTEL,Core i5,i5-1135G7,8.0,256.0,Hybrid,,Nvidia,geforcemx330,,28229000.0,28114000.0,لپ تاپ ایسوس 15.6 اینچی مدل VivoBook R565EP پردازنده Core i5 1135G7 رم 8GB حافظه 1TB 256GB SSD گرافیک 2GB,VivoBook R565EP Core i5 1135G7 8GB 1TB 256GB SSD 2GB Full HD Laptop,0.41,31055200.0
368,1.8,نوت بوک (لپ تاپ),15.6,fhd,1080 * 1920,INTEL,Core i5,i5-1135G7,12.0,528.0,SSD,SSD NVMe,Nvidia,geforcemx330,,27599000.0,27389000.0,لپ تاپ ایسوس 15.6 اینچی مدل VivoBook R565EP پردازنده Core i5 1135G7 رم 12GB حافظه 512GB SSD گرافیک 2GB,VivoBook R565EP Core i5 1135G7 12GB 512GB SSD 2GB Full HD Laptop,0.76,30175182.5
369,2.3,نوت بوک (لپ تاپ),15.6,ips,1080 * 1920,INTEL,Core i5,i5-11400H,16.0,1024.0,SSD,SSD NVMe,Nvidia,rtx3050,,44899000.0,44789000.0,لپ تاپ ایسوس 15.6 اینچی مدل TUF FX506HC پردازنده Core i5 11400H رم 16GB حافظه 1TB SSD گرافیک 4GB RTX3050,TUF Gaming FX506HC Core i5 11400H 16GB 1TB SSD 4GB RTX3050 Full HD Laptop,0.24,42953110.0
370,2.3,نوت بوک (لپ تاپ),15.6,ips,1080 * 1920,INTEL,Core i5,i5-11400H,8.0,528.0,SSD,SSD NVMe,Nvidia,rtx3050,,42499000.0,42249000.0,لپ تاپ ایسوس 15.6 اینچی مدل TUF FX506HC پردازنده Core i5 11400H رم 8GB حافظه 512GB SSD گرافیک 4GB RTX3050,TUF Gaming FX506HC Core i5 11400H 8GB 512GB SSD 4GB RTX3050 Full HD Laptop,0.59,43815360.0
371,1.2,نوت بوک (لپ تاپ),13.5,pixelsense™ display,2256 * 1504,INTEL,Core i7,i7-1185G7,32.0,1024.0,SSD,,Intel,irisplus,Microsoft Windows 10,83500000.0,82500000.0,لپ تاپ 13 اینچی مایکروسافت مدل Surface Laptop 4 پردازنده Core i7-1185G7 رم 32GB حافظه 1TB SSD گرافیک Intel,Surface Laptop 4 13.5inch Core i7-1185G7 32GB 1TB SSD Intel Touch Laptop,1.2,78265910.0
372,2.3,نوت بوک (لپ تاپ),15.6,ips,1080 * 1920,INTEL,Core i5,i5-11400H,16.0,528.0,SSD,SSD NVMe,Nvidia,rtx3050,,43499000.0,43299000.0,لپ تاپ ایسوس 15.6 اینچی مدل TUF FX506HC پردازنده Core i5 11400H رم 16GB حافظه 512GB SSD گرافیک 4GB RTX3050,TUF Gaming FX506HC Core i5 11400H 16GB 512GB SSD 4GB RTX3050 Full HD Laptop,0.46,43185930.0
374,1.8,نوت بوک (لپ تاپ),15.6,fhd,1080 * 1920,INTEL,Core i5,i5-1135G7,8.0,528.0,SSD,SSD NVMe,Nvidia,geforcemx330,,26999000.0,26889000.0,لپ تاپ ایسوس 15.6 اینچی مدل VivoBook R565EP پردازنده Core i5 1135G7 رم 8GB حافظه 512GB SSD گرافیک 2GB,VivoBook R565EP Core i5 1135G7 8GB 512GB SSD 2GB Full HD Laptop,0.41,30405307.5
375,2.3,نوت بوک (لپ تاپ),15.6,ips,1080 * 1920,INTEL,Core i5,i5-11400H,32.0,1024.0,SSD,SSD NVMe,Nvidia,rtx3050,,47599000.0,47474000.0,لپ تاپ ایسوس 15.6 اینچی مدل TUF FX506HC پردازنده Core i5 11400H رم 32GB حافظه 1TB SSD گرافیک 4GB RTX3050,TUF Gaming FX506HC Core i5 11400H 32GB 1TB SSD 4GB RTX3050 Full HD Laptop,0.26,50314120.0
376,2.3,نوت بوک (لپ تاپ),15.6,ips,1080 * 1920,INTEL,Core i5,i5-11400H,32.0,528.0,SSD,SSD NVMe,Nvidia,rtx3050,,45399000.0,45289000.0,لپ تاپ ایسوس 15.6 اینچی مدل TUF FX506HC پردازنده Core i5 11400H رم 32GB حافظه 512GB SSD گرافیک 4GB RTX3050,TUF Gaming FX506HC Core i5 11400H 32GB 512GB SSD 4GB RTX3050 Full HD Laptop,0.24,50550450.0
377,1.2,نوت بوک (لپ تاپ),13.5,pixelsense™ display,2256 * 1504,INTEL,Core i7,i7-1185G7,16.0,256.0,SSD,,Intel,irisplus,Microsoft Windows 10,57888000.0,56888000.0,لپ تاپ 13 اینچی مایکروسافت مدل Surface Laptop 4 پردازنده Core i7-1185G7 رم 16GB حافظه 256GB SSD گرافیک Intel,Surface Laptop 4 13.5inch Core i7-1185G7 16GB 256GB SSD Intel Touch Laptop,1.73,66659240.0
387,1.7,نوت بوک (لپ تاپ),16.0,wuxga,1200*1920,INTEL,Core i7,i7-1255U,16.0,1024.0,SSD,SSD NVMe,Intel,irisplus,,33999000.0,33800000.0,لپ تاپ ایسوس 16 اینچی مدل VivoBook R1605ZA پردازنده Core i7 رم 16GB حافظه 1TB SSD گرافیک INTEL,VivoBook R1605ZA Core i7 1255U 16GB 1TB SSD INTEL WUXGA Laptop,0.59,57966817.5
390,2.5,نوت بوک (لپ تاپ),17.3,ips,1080 * 1920,AMD,Ryzen 9,Ryzen 9 6900HX,32.0,2048.0,SSD,SSD NVMe,Nvidia,geforcertx3060,,72199000.0,72014000.0,لپ تاپ ایسوس 17.3 اینچی مدل ROG Strix G713RM-KH071 پردازنده Ryzen 9 رم 32GB حافظه 2TB SSD گرافیک 6GB 3060,ROG Strix G713RM-KH071 Ryzen 9 6900HX 32GB 2TB SSD 6GB RTX 3060 FHD Laptop,0.26,130429880.0
391,1.7,نوت بوک (لپ تاپ),15.6,fhd,1080 * 1920,INTEL,Core i3,i3-1215U,8.0,256.0,SSD,SSD NVMe,Intel,uhd,,17566000.0,17441000.0,لپ تاپ ایسوس 15.6 اینچی مدل VivoBook X1502ZA پردازنده Core i3 1215U رم 8GB حافظه 256GB SSD گرافیک Intel,ASUS VivoBook X1502ZA Core i3 1215U 8GB 256GB SSD Intel Full HD Laptop,0.71,17416650.0
393,1.7,نوت بوک (لپ تاپ),15.6,fhd,1080 * 1920,INTEL,Core i3,i3-1215U,8.0,528.0,SSD,SSD NVMe,Intel,uhd,,18399000.0,18199000.0,لپ تاپ ایسوس 15.6 اینچی مدل VivoBook X1502ZA پردازنده Core i3 1215U رم 8GB حافظه 512GB SSD گرافیک Intel,ASUS VivoBook X1502ZA Core i3 1215U 8GB 512GB SSD Intel Full HD Laptop,1.09,18047240.0
394,2.1,نوت بوک (لپ تاپ),15.6,fhd,1080 * 1920,INTEL,Core i3,I3-1115G4,16.0,528.0,SSD,SSD NVMe,Intel,uhd,Dos,16800000.0,16700000.0,لپ تاپ 15.6 اینچی ایسر مدل Aspire A315 پردازنده Core i3-1115G4 رم 16GB حافظه 512GB SSD گرافیک Intel,Aspire A315 Core i3-1115G4 16GB 512GB SSD Intel Full HD Laptop,0.6,18625410.0
398,2.1,نوت بوک (لپ تاپ),15.6,fhd,1080 * 1920,INTEL,Core i3,I3-1115G4,8.0,528.0,SSD,SSD NVMe,Intel,uhd,Dos,,16200000.0,لپ تاپ 15.6 اینچی ایسر مدل Aspire A315 پردازنده Core i3-1115G4 رم 8GB حافظه 512GB SSD گرافیک Intel,Aspire A315 Core i3-1115G4 8GB 512GB SSD Intel Full HD Laptop,0.0,18079220.0
399,2.1,نوت بوک (لپ تاپ),15.6,fhd,1080 * 1920,INTEL,Core i3,I3-1115G4,8.0,256.0,SSD,SSD NVMe,Intel,uhd,Dos,,15500000.0,لپ تاپ 15.6 اینچی ایسر مدل Aspire A315 پردازنده Core i3-1115G4 رم 8GB حافظه 256GB SSD گرافیک Intel,Aspire A315 Core i3-1115G4 8GB 256GB SSD Intel Full HD Laptop,0.0,17431730.0
400,2.2,نوت بوک (لپ تاپ),15.6,ips,1080 * 1920,INTEL,Core i5,i5 12500H,8.0,528.0,SSD,SSD NVMe,Nvidia,rtx3050,,45999000.0,45809000.0,لپ تاپ ایسوس 15.6 اینچی مدل TUF Gaming FX507ZC پردازنده Core i5 12500H رم 8GB حافظه 512GB SSD گرافیک 4GB RTX3050,TUF Gaming FX507ZC Core i5 12500H 8GB 512GB SSD 4GB RTX3050 Full HD Laptop,0.41,42794120.0
402,2.1,نوت بوک (لپ تاپ),15.6,fhd,1080 * 1920,INTEL,Core i3,I3-1115G4,4.0,256.0,SSD,SSD NVMe,Intel,uhd,Dos,,14800000.0,لپ تاپ 15.6 اینچی ایسر مدل Aspire A315 پردازنده Core i3-1115G4 رم 4GB حافظه 256GB SSD گرافیک Intel,Aspire A315 Core i3-1115G4 4GB 256GB SSD Intel Full HD Laptop,0.0,16024960.0
405,1.62,نوت بوک (لپ تاپ),15.6,fhd tn,1080 * 1920,INTEL,Core i3,i3-1215U,12.0,256.0,Hybrid,,Intel,uhd,Dos,17350000.0,17250000.0,لپ تاپ لنوو 15.6 اینچی مدل Ideapad 3 پردازنده Core i3 1215U رم 12GB حافظه 1TB 256GB SSD گرافیک Intel,Ideapad 3 Core i3 1215U 12GB 1TB 256GB SSD Intel FHD Laptop,0.58,22300830.0
407,1.62,نوت بوک (لپ تاپ),15.6,fhd tn,1080 * 1920,INTEL,Core i3,i3-1215U,8.0,256.0,Hybrid,,Intel,uhd,Dos,,16755000.0,لپ تاپ لنوو 15.6 اینچی مدل Ideapad 3 پردازنده Core i3 1215U رم 8GB حافظه 1TB 256GB SSD گرافیک Intel,Ideapad 3 Core i3 1215U 8GB 1TB 256GB SSD Intel FHD Laptop,0.0,21789810.0
408,1.66,نوت بوک (لپ تاپ),15.6,ips,1080 * 1920,INTEL,Core i3,I3-1115G4,4.0,528.0,SSD,SSD NVMe,Nvidia,geforcemx450,Dos,,16200000.0,لپ تاپ لنوو 15.6 اینچی مدل Ideapad 5 پردازنده Core i3 رم 4GB حافظه 512GB SSD گرافیک 2GB,Ideapad 5 Core i3 1115G4 4GB 512GB SSD 2GB MX450 FHD IPS Laptop,0.0,17961317.5
410,1.7,نوت بوک (لپ تاپ),15.6,tn,1080 * 1920,INTEL,Core i3,I3-1115G4,20.0,256.0,Hybrid,SSD NVMe,Intel,uhd,Dos,19190000.0,18990000.0,لپ تاپ لنوو 15.6 اینچی مدل ThinkBook 15 پردازنده Core i3 1115G4 رم 20GB حافظه 1TB 256GB SSD گرافیک Intel,ThinkBook 15 Core i3 1115G4 20GB 1TB 256GB SSD Intel FHD Laptop,1.04,18202290.0
411,1.7,نوت بوک (لپ تاپ),15.6,fhd,1080 * 1920,INTEL,Core i3,I3-1115G4,12.0,528.0,SSD,SSD NVMe,Nvidia,nvidiageforcemx350gddr5,Dos,19500000.0,19400000.0,لپ تاپ لنوو 15.6 اینچی مدل V15 پردازنده Core i3 1115G4 رم 12GB حافظه 512GB SSD گرافیک 2GB MX350 فول اچ دی,V15 Core i3 1115G4 12GB 512GB SSD 2GB MX350 Full HD Laptop,0.51,20369062.5
413,2.2,نوت بوک (لپ تاپ),15.6,ips,1080 * 1920,INTEL,Core i7,i7-12650H,16.0,528.0,SSD,SSD NVMe,Nvidia,rtx3050,,47430000.0,47230000.0,لپ تاپ لنوو 15.6 اینچی مدل Ideapad Gaming 3 پردازنده Core i7 12650H رم 16GB حافظه 512GB SSD گرافیک 4GB 3050,IdeaPad Gaming 3 Core i7 12650H 16GB 512GB SSD 4GB 3050 FHD Laptop,0.42,44431890.0
414,1.64,نوت بوک (لپ تاپ),14.0,ips,1080 * 1920,INTEL,Core i5,i5 - 1235U,8.0,256.0,SSD,SSD NVMe,Nvidia,mx550gddr6,Dos,,41000000.0,لپ تاپ 14 اینچی لنوو مدل ThinkPad E14 پردازنده Core i5 1235U رم 8GB حافظه 256GB SSD گرافیک 2GB MX550,ThinkPad E14 Core i5 1235U 8GB 256GB SSD 2GB MX550 Full HD IPS Laptop,0.0,53656020.0
416,1.7,نوت بوک (لپ تاپ),15.6,fhd,1080 * 1920,INTEL,Core i3,I3-1115G4,8.0,528.0,SSD,SSD NVMe,Nvidia,nvidiageforcemx350gddr5,Dos,19190000.0,18990000.0,لپ تاپ لنوو 15.6 اینچی مدل V15 پردازنده Core i3 1115G4 رم 8GB حافظه 512GB SSD گرافیک 2GB MX350 فول اچ دی,V15 Core i3 1115G4 8GB 512GB SSD 2GB MX350 Full HD Laptop,1.04,19780212.5
417,1.7,نوت بوک (لپ تاپ),15.6,tn,1080 * 1920,INTEL,Core i3,I3-1115G4,20.0,128.0,Hybrid,SSD NVMe,Intel,uhd,Dos,18640000.0,18540000.0,لپ تاپ لنوو 15.6 اینچی مدل ThinkBook 15 پردازنده Core i3 1115G4 رم 20GB حافظه 1TB 128GB SSD گرافیک Intel,ThinkBook 15 Core i3 1115G4 20GB 1TB 128GB SSD Intel FHD Laptop,0.54,18202290.0
418,1.7,نوت بوک (لپ تاپ),15.6,tn,1080 * 1920,INTEL,Core i3,I3-1115G4,36.0,128.0,Hybrid,SSD NVMe,Intel,uhd,Dos,20290000.0,20190000.0,لپ تاپ لنوو 15.6 اینچی مدل ThinkBook 15 پردازنده Core i3 1115G4 رم 36GB حافظه 1TB 128GB SSD گرافیک Intel,ThinkBook 15 Core i3 1115G4 36GB 1TB 128GB SSD Intel FHD Laptop,0.49,26979510.0
419,1.63,نوت بوک (لپ تاپ),15.6,tn,1080 * 1920,INTEL,Core i5,i5 - 1235U,8.0,256.0,SSD,SSD NVMe,Intel,uhd,Dos,23400000.0,23300000.0,لپ تاپ لنوو 15.6 اینچی مدل Ideapad 3 پردازنده Core i5 1235U رم 8GB حافظه 256GB SSD گرافیک Intel,Ideapad 3 Core i5 1235U 8GB 256GB SSD Intel Full HD Laptop,0.43,32730180.0
420,1.7,نوت بوک (لپ تاپ),15.6,tn,1080 * 1920,INTEL,Core i3,I3-1115G4,36.0,256.0,Hybrid,SSD NVMe,Intel,uhd,Dos,20550000.0,20450000.0,لپ تاپ لنوو 15.6 اینچی مدل ThinkBook 15 پردازنده Core i3 1115G4 رم 36GB حافظه 1TB 256GB SSD گرافیک Intel,ThinkBook 15 Core i3 1115G4 36GB 1TB 256GB SSD Intel FHD Laptop,0.49,26979510.0
421,1.7,نوت بوک (لپ تاپ),15.6,tn,1080 * 1920,INTEL,Core i3,I3-1115G4,20.0,528.0,Hybrid,SSD NVMe,Intel,uhd,Dos,19535000.0,19435000.0,لپ تاپ لنوو 15.6 اینچی مدل ThinkBook 15 پردازنده Core i3 1115G4 رم 20GB حافظه 1TB 512GB SSD گرافیک Intel,ThinkBook 15 Core i3 1115G4 20GB 1TB 512GB SSD Intel FHD Laptop,0.51,18679950.0
422,1.7,نوت بوک (لپ تاپ),15.6,tn,1080 * 1920,INTEL,Core i3,I3-1115G4,12.0,128.0,Hybrid,SSD NVMe,Intel,uhd,Dos,,17770000.0,لپ تاپ لنوو 15.6 اینچی مدل ThinkBook 15 پردازنده Core i3 1115G4 رم 12GB حافظه 1TB 128GB SSD گرافیک Intel,ThinkBook 15 Core i3 1115G4 12GB 1TB 128GB SSD Intel FHD Laptop,0.0,18227630.0
423,1.7,نوت بوک (لپ تاپ),15.6,tn,1080 * 1920,INTEL,Core i3,I3-1115G4,12.0,256.0,Hybrid,SSD NVMe,Intel,uhd,Dos,,18150000.0,لپ تاپ لنوو 15.6 اینچی مدل ThinkBook 15 پردازنده Core i3 1115G4 رم 12GB حافظه 1TB 256GB SSD گرافیک Intel,ThinkBook 15 Core i3 1115G4 12GB 1TB 256GB SSD Intel FHD Laptop,0.0,18227630.0
424,1.75,نوت بوک (لپ تاپ),15.6,fhd tn,1080 * 1920,INTEL,Core i3,I3-1115G4,8.0,528.0,SSD,SSD NVMe,Intel,uhd,Dos,,15655000.0,لپ تاپ لنوو 15.6 اینچی مدل Ideapad 3 پردازنده Core i3 1115G4 رم 8GB حافظه 512GB SSD گرافیک Intel,Ideapad 3 Core i3 1115G4 8GB 512GB SSD Intel FHD Laptop,0.0,16588690.0
425,1.7,نوت بوک (لپ تاپ),15.6,tn,1080 * 1920,INTEL,Core i3,I3-1115G4,36.0,528.0,Hybrid,SSD NVMe,Intel,uhd,Dos,,20861000.0,لپ تاپ لنوو 15.6 اینچی مدل ThinkBook 15 پردازنده Core i3 1115G4 رم 36GB حافظه 1TB 512GB SSD گرافیک Intel,ThinkBook 15 Core i3 1115G4 36GB 1TB 512GB SSD Intel FHD Laptop,0.0,27440960.0
426,2.4,نوت بوک (لپ تاپ),15.6,ips,1080 * 1920,INTEL,Core i7,i7-13620H,16.0,1024.0,SSD,SSD NVMe,Nvidia,geforcertx4060,Dos,,59500000.0,لپ تاپ لنوو 15.6 اینچی مدل LOQ پردازنده Core i7 13620H رم 16GB حافظه 1TB SSD گرافیک 8GB 4060,LOQ Core i7 13620H 16GB 1TB SSD 8GB 4060 Full HD Laptop,0.0,62838179.64285714
427,2.4,نوت بوک (لپ تاپ),15.6,ips,1080 * 1920,INTEL,Core i7,i7-13620H,16.0,528.0,SSD,SSD NVMe,Nvidia,geforcertx4060,Dos,,58000000.0,لپ تاپ لنوو 15.6 اینچی مدل LOQ پردازنده Core i7 13620H رم 16GB حافظه 512GB SSD گرافیک 8GB 4060,LOQ Core i7 13620H 16GB 512GB SSD 8GB 4060 Full HD Laptop,0.0,62862889.64285714
428,2.5,مک‌بوک,16.2,ips,3456*2234,Apple,M2 MAX,M2 MAX 12Core,32.0,1024.0,SSD,SSD NVMe,Apple,has38core,Apple Mac OS,191800000.0,190800000.0,لپ تاپ اپل 16 اینچ مدل Mac Book Pro 2023 16inch MNWA3 پردازنده M2 Max (12C-38C) رم 32GB حافظه 1TB SSD,Apple MacBook Pro 2023 16‑inch MNWA3 M2 Max 12C-38C 32GB 1TB SSD Laptop,0.52,149470510.0
429,2.5,مک‌بوک,16.2,ips,3456*2234,Apple,M2 MAX,M2 MAX 12Core,32.0,1024.0,SSD,SSD NVMe,Apple,has38core,Apple Mac OS,179888000.0,178888000.0,لپ تاپ اپل 16 اینچ مدل Mac Book Pro 2023 16inch MNWE3 پردازنده M2 Max (12C-38C) رم 32GB حافظه 1TB SSD,Apple MacBook Pro 2023 16‑inch MNWE3 M2 Max 12C-38C 32GB 1TB SSD Laptop,0.56,149470510.0
430,2.4,نوت بوک (لپ تاپ),15.6,ips,1080 * 1920,INTEL,Core i7,i7-13620H,32.0,1024.0,SSD,SSD NVMe,Nvidia,geforcertx4060,Dos,,63500000.0,لپ تاپ لنوو 15.6 اینچی مدل LOQ پردازنده Core i7 13620H رم 32GB حافظه 1TB SSD گرافیک 8GB 4060,LOQ Core i7 13620H 32GB 1TB SSD 8GB 4060 Full HD Laptop,0.0,70394592.5
431,2.5,مک‌بوک,16.2,ips,3456*2234,Apple,M2 Pro,M2 Pro,16.0,528.0,SSD,,Apple,has19core,Apple Mac OS,120000000.0,119000000.0,لپ تاپ اپل 16 اینچ مدل Mac Book Pro 2023 16inch MNWC3 پردازنده M2 Pro رم 16GB حافظه 512GB SSD,Apple MacBook Pro 2023 16‑inch MNWC3 M2 Pro 16GB 512GB SSD Laptop,0.83,141165990.0
432,1.6,مک‌بوک,14.2,ips,3024*1964,Apple,M2 Pro,M2 Pro,16.0,528.0,SSD,SSD NVMe,Apple,has16core,Apple Mac OS,,104900000.0,لپ تاپ اپل 14 اینچ مدل Mac Book Pro 2023 14inch MPHE3 پردازنده M2 Pro رم 16GB حافظه 512GB SSD,Apple MacBook Pro 2023 14‑inch MPHE3 M2 Pro 16GB 512GB SSD Laptop,0.0,105484220.0
433,1.6,مک‌بوک,14.2,ips,3024*1964,Apple,M2 Pro,M2 Pro,16.0,1024.0,SSD,SSD NVMe,Apple,has19core,Apple Mac OS,126000000.0,125500000.0,لپ تاپ اپل 14 اینچ مدل Mac Book Pro 2023 14inch MPHF3 پردازنده M2 Pro رم 16GB حافظه 1TB SSD,Apple MacBook Pro 2023 14‑inch MPHF3 M2 Pro 16GB 1TB SSD Laptop,0.4,105845110.0
434,2.5,مک‌بوک,16.2,ips,3456*2234,Apple,M2 Pro,M2 Pro,16.0,1024.0,SSD,SSD NVMe,Apple,has19core,Apple Mac OS,129000000.0,128000000.0,لپ تاپ اپل 16 اینچ مدل Mac Book Pro 2023 16inch MNWD3 پردازنده M2 Pro رم 16GB حافظه 1TB SSD,Apple MacBook Pro 2023 16‑inch MNWD3 M2 Pro 16GB 1TB SSD Laptop,0.78,141209610.0
435,1.6,مک‌بوک,14.2,ips,3024*1964,Apple,M2 Pro,M2 Pro,16.0,528.0,SSD,SSD NVMe,Apple,has16core,Apple Mac OS,105000000.0,104500000.0,لپ تاپ اپل 14 اینچ مدل Mac Book Pro 2023 14inch MPHH3 پردازنده M2 Pro رم 16GB حافظه 512GB SSD,Apple MacBook Pro 2023 14‑inch MPHH3 M2 Pro 16GB 512GB SSD Laptop,0.48,105484220.0
436,2.5,مک‌بوک,16.2,ips,3456*2234,Apple,M2 Pro,M2 Pro,16.0,1024.0,SSD,SSD NVMe,Apple,has19core,Apple Mac OS,130000000.0,129000000.0,لپ تاپ اپل 16 اینچ مدل Mac Book Pro 2023 16inch MNW93 پردازنده M2 Pro رم 16GB حافظه 1TB SSD,Apple MacBook Pro 2023 16‑inch MNW93 M2 Pro 16GB 1TB SSD Laptop,0.77,141209610.0
437,2.5,مک‌بوک,16.2,ips,3456*2234,Apple,M2 Pro,M2 Pro,16.0,528.0,SSD,,Apple,has19core,Apple Mac OS,114000000.0,113000000.0,لپ تاپ اپل 16 اینچ مدل Mac Book Pro 2023 16inch MNW83 پردازنده M2 Pro رم 16GB حافظه 512GB SSD,Apple MacBook Pro 2023 16‑inch MNW83 M2 Pro 16GB 512GB SSD Laptop,0.88,141165990.0
438,1.6,مک‌بوک,14.2,ips,3024*1964,Apple,M2 Pro,M2 Pro,16.0,1024.0,SSD,SSD NVMe,Apple,has19core,Apple Mac OS,,127000000.0,لپ تاپ اپل 14 اینچ مدل Mac Book Pro 2023 14inch MPHJ3 پردازنده M2 Pro رم 16GB حافظه 1TB SSD,Apple MacBook Pro 2023 14‑inch MPHJ3 M2 Pro 16GB 1TB SSD Laptop,0.0,105845110.0
439,1.51,مک‌بوک,15.0,15.3inch liquid retina display with true tone,1800 * 2880,Apple,M2,8core CPU with 4 performance cores and 4 efficiency cores/10core GPU,8.0,256.0,SSD,SSD NVMe,Apple,M210,,70300000.0,69300000.0,لپ تاپ اپل 15.3 اینچی مدل Apple MacBook Air 2023 Space Gray MQKP3  پردازنده M2 رم 8GB حافظه 256GB SSD,Apple MacBook Air 2023 Space Gray MQKP3 M2 8GB 256GB SSD 15-inch Laptop,1.42,62718460.0
440,1.51,مک‌بوک,15.0,15.3inch liquid retina display with true tone,1800 * 2880,Apple,M2,8core CPU with 4 performance cores and 4 efficiency cores/10core GPU,8.0,256.0,SSD,SSD NVMe,Apple,M210,,72500000.0,71500000.0,لپ تاپ اپل 15.3 اینچی مدل Apple MacBook Air 2023 Midnight MQKW3  پردازنده M2 رم 8GB حافظه 256GB SSD,Apple MacBook Air 2023 Midnight MQKW3 M2 8GB 256GB SSD 15-inch Laptop,1.38,62718460.0
441,1.51,مک‌بوک,15.0,15.3inch liquid retina display with true tone,1800 * 2880,Apple,M2,8core CPU with 4 performance cores and 4 efficiency cores/10core GPU,8.0,528.0,SSD,SSD NVMe,Apple,M210,,82988000.0,81988000.0,لپ تاپ اپل 15.3 اینچی مدل Apple MacBook Air 2023 Starlight MQKV3 پردازنده M2 رم 8GB حافظه 512GB SSD,Apple MacBook Air 2023 Starlight MQKV3 M2 8GB 512GB SSD 15-inch Laptop,1.2,64683710.0
442,1.51,مک‌بوک,15.0,15.3inch liquid retina display with true tone,1800 * 2880,Apple,M2,8core CPU with 4 performance cores and 4 efficiency cores/10core GPU,8.0,256.0,SSD,SSD NVMe,Apple,M210,,64388000.0,63388000.0,لپ تاپ اپل 15.3 اینچی مدل Apple MacBook Air 2023 Starlight MQKU3  پردازنده M2 رم 8GB حافظه 256GB SSD,Apple MacBook Air 2023 Starlight MQKU3 M2 8GB 256GB SSD 15-inch Laptop,1.55,62718460.0
443,1.51,مک‌بوک,15.0,15.3inch liquid retina display with true tone,1800 * 2880,Apple,M2,8core CPU with 4 performance cores and 4 efficiency cores/10core GPU,8.0,528.0,SSD,SSD NVMe,Apple,M210,,81300000.0,80300000.0,لپ تاپ اپل 15.3 اینچی مدل Apple MacBook Air 2023 Midnight MQKX3 پردازنده M2 رم 8GB حافظه 512GB SSD,Apple MacBook Air 2023 Midnight MQKX3 M2 8GB 512GB SSD 15-inch Laptop,1.23,64683710.0
444,1.51,مک‌بوک,15.0,15.3inch liquid retina display with true tone,1800 * 2880,Apple,M2,8core CPU with 4 performance cores and 4 efficiency cores/10core GPU,8.0,256.0,SSD,SSD NVMe,Apple,M210,,64300000.0,63300000.0,لپ تاپ اپل 15.3 اینچی مدل Apple MacBook Air 2023 Silver MQKR3  پردازنده M2 رم 8GB حافظه 256GB SSD,Apple MacBook Air 2023 Silver MQKR3 M2 8GB 256GB SSD 15-inch Laptop,1.56,62718460.0
445,1.51,مک‌بوک,15.0,15.3inch liquid retina display with true tone,1800 * 2880,Apple,M2,8core CPU with 4 performance cores and 4 efficiency cores/10core GPU,8.0,528.0,SSD,SSD NVMe,Apple,M210,,,79400000.0,لپ تاپ اپل 15.3 اینچی مدل Apple MacBook Air 2023 Silver MQKT3 پردازنده M2 رم 8GB حافظه 512GB SSD,Apple MacBook Air 2023 Silver MQKT3 M2 8GB 512GB SSD 15-inch Laptop,0.0,64683710.0
447,1.75,نوت بوک (لپ تاپ),15.6,fhd tn,1080 * 1920,INTEL,Core i3,I3-1115G4,12.0,256.0,SSD,SSD NVMe,Intel,uhd,Dos,15600000.0,15400000.0,لپ تاپ لنوو 15.6 اینچ مدل Ideapad 3 پردازنده Core i3 1115G4 رم 12GB حافظه 256GB SSD گرافیک Intel,Ideapad 3 Core i3 1115G4 12GB 256GB SSD Intel FHD Laptop,1.28,16913010.0
456,1.7,نوت بوک (لپ تاپ),15.6,ips,1080 * 1920,INTEL,Core i3,I3-1115G4,4.0,256.0,SSD,SSD NVMe,Nvidia,geforcemx450,Dos,,19650000.0,لپ تاپ لنوو 15.6 اینچی مدل ThinkBook 15 پردازنده Core i3 1115G4 رم 4GB حافظه 256GB SSD گرافیک 2GB MX450,ThinkBook 15 Core i3 1115G4 4GB 256GB SSD 2GB MX450 FHD Laptop,0.0,17616670.0
458,2.2,نوت بوک (لپ تاپ),15.6,ips,1080 * 1920,INTEL,Core i5,i5-11300H,16.0,256.0,Hybrid,SSD NVMe,Nvidia,geforcertx3060,,,35500000.0,لپ تاپ لنوو 15.6 اینچی مدل Ideapad Gaming 3 پردازنده Core i5-11300H رم 16GB حافظه 1TB 256GB SSD گرافیک 4GB 1650,IdeaPad Gaming 3 Core i5-11300H 16GB 1TB 256GB SSD 4GB 1650 Full HD Laptop,0.0,38981485.0
459,1.7,نوت بوک (لپ تاپ),15.6,ips,1080 * 1920,INTEL,Core i3,I3-1115G4,8.0,256.0,SSD,SSD NVMe,Nvidia,geforcemx450,Dos,20300000.0,20250000.0,لپ تاپ لنوو 15.6 اینچی مدل ThinkBook 15 پردازنده Core i3 1115G4 رم 8GB حافظه 256GB SSD گرافیک 2GB MX450,ThinkBook 15 Core i3 1115G4 8GB 256GB SSD 2GB MX450 FHD Laptop,0.25,19533130.0
460,1.7,نوت بوک (لپ تاپ),15.6,tn full hd,1080 * 1920,INTEL,Core i5,i5-1135G7,8.0,1024.0,HDD,,Nvidia,geforcemx450,Dos,27750000.0,27550000.0,لپ تاپ لنوو 15.6 اینچی مدل ThinkBook 15 پردازنده Core i5 1135G7 رم 8GB حافظه 1TB گرافیک 2GB,ThinkBook 15 Core i5 1135G7 8GB 1TB 2GB MX450 Full HD Laptop,0.72,31424557.5
461,1.7,نوت بوک (لپ تاپ),15.6,fhd,1080 * 1920,INTEL,Core i7,i7 1165G7,16.0,256.0,Hybrid,SSD NVMe,Nvidia,geforcemx450,Dos,33750000.0,33550000.0,لپ تاپ لنوو 15.6 اینچی مدل ThinkBook 15 پردازنده Core i7 1165G7 رم 16GB حافظه 1TB 256GB SSD گرافیک 2GB,ThinkBook 15 Core i7 1165G7 16GB 1TB 256GB SSD 2GB MX450 Full HD Laptop,0.59,34696902.5
463,1.7,نوت بوک (لپ تاپ),15.6,tn full hd,1080 * 1920,INTEL,Core i5,i5-1135G7,16.0,256.0,Hybrid,SSD NVMe,Nvidia,geforcemx450,Dos,29650000.0,29550000.0,لپ تاپ لنوو 15.6 اینچی مدل ThinkBook 15 پردازنده Core i5 1135G7 رم 16GB حافظه 1TB 256GB SSD گرافیک 2GB,ThinkBook 15 Core i5 1135G7 16GB 1TB 256GB SSD 2GB MX450 Full HD Laptop,0.34,31735977.5
464,1.7,نوت بوک (لپ تاپ),15.6,tn full hd,1080 * 1920,INTEL,Core i5,i5-1135G7,8.0,256.0,Hybrid,SSD NVMe,Nvidia,geforcemx450,Dos,28750000.0,28550000.0,لپ تاپ لنوو 15.6 اینچی مدل ThinkBook 15 پردازنده Core i5 1135G7 رم 8GB حافظه 1TB 256GB SSD گرافیک 2GB,ThinkBook 15 Core i5 1135G7 8GB 1TB 256GB SSD 2GB MX450 Full HD Laptop,0.7,31793195.0
466,2.2,نوت بوک (لپ تاپ),15.6,ips,1080 * 1920,INTEL,Core i5,i5-11300H,8.0,256.0,SSD,SSD NVMe,Nvidia,geforcertx3060,,,33500000.0,لپ تاپ لنوو 15.6 اینچی مدل Ideapad Gaming 3 پردازنده Core i5-11300H رم 8GB حافظه 256GB SSD گرافیک 4GB 1650,IdeaPad Gaming 3 Core i5-11300H 8GB 256GB SSD 4GB 1650 Full HD Laptop,0.0,39395280.0
472,1.75,نوت بوک (لپ تاپ),15.6,fhd tn,1080 * 1920,INTEL,Core i3,I3-1115G4,4.0,1024.0,HDD,,Intel,uhd,Dos,14850000.0,14650000.0,لپ تاپ لنوو 15.6 اینچی مدل Ideapad 3 پردازنده Core i3 1115G4 رم 4GB حافظه 1TB گرافیک Intel,Ideapad 3 Core i3 1115G4 4GB 1TB Intel FHD Laptop,1.35,15257660.0
